,match_id,scheduled,round,home_team,home_id,home_formation,home_score,home_points,home_first_half_score,home_second_half_score,home_attacks,home_ball_safe,home_corner_kicks,home_dangerous_attacks,home_fouls,home_offsides,home_yellow_card,home_shots_on_target,home_shots_total,home_possession,away_team,away_id,away_formation,away_score,away_points,away_first_half_score,away_second_half_score,away_attacks,away_ball_safe,away_corner_kicks,away_dangerous_attacks,away_fouls,away_offsides,away_yellow_card,away_shots_on_target,away_shots_total,away_possession
0,1,2016-03-06 18:30:00,1,NY Red Bulls,31,4-2-3-1,0,0,0,0,143.0,115.0,2.0,77.0,12.0,4.0,1.0,0.0,7.0,48.0,Toronto FC,34,4-3-3,2,3,0,2,111.0,128.0,4.0,50.0,9.0,5.0,2.0,6.0,10.0,52.0
1,2,2016-03-06 19:00:00,1,Orlando City SC,35,4-3-3,2,1,0,2,,45.0,12.0,49.0,14.0,4.0,2.0,7.0,14.0,50.0,Real Salt Lake,23,4-2-3-1,2,1,1,1,,50.0,2.0,34.0,11.0,1.0,2.0,4.0,8.0,50.0
2,3,2016-03-06 19:00:00,1,Chicago Fire,40,4-2-3-1,3,0,1,2,77.0,83.0,12.0,41.0,11.0,7.0,2.0,9.0,12.0,34.0,New York City FC,24,4-3-3,4,3,3,1,103.0,75.0,1.0,48.0,9.0,1.0,2.0,8.0,12.0,66.0
3,4,2016-03-06 20:00:00,1,Houston Dynamo,38,4-2-3-1,3,1,1,2,65.0,66.0,5.0,44.0,10.0,1.0,1.0,5.0,14.0,48.0,New England Revolution,36,4-2-3-1,3,1,1,2,74.0,75.0,2.0,51.0,17.0,4.0,2.0,6.0,13.0,52.0
4,5,2016-03-06 20:00:00,1,San Jose Earthquakes,32,4-4-2,1,3,0,1,88.0,75.0,3.0,41.0,15.0,1.0,2.0,3.0,3.0,52.0,Colorado Rapids,22,4-2-3-1,0,0,0,0,86.0,80.0,5.0,39.0,15.0,2.0,2.0,6.0,11.0,48.0
5,6,2016-03-06 20:00:00,1,FC Dallas,21,4-2-3-1,2,3,1,1,93.0,87.0,8.0,59.0,16.0,3.0,1.0,9.0,12.0,46.0,Philadelphia Union,25,4-2-3-1,0,0,0,0,92.0,91.0,4.0,55.0,9.0,0.0,1.0,1.0,5.0,54.0
6,7,2016-03-06 21:30:00,1,Portland Timbers,30,4-3-3,2,3,1,1,77.0,70.0,5.0,43.0,9.0,,3.0,9.0,12.0,39.0,Columbus Crew,39,4-2-3-1,1,0,0,1,75.0,61.0,8.0,56.0,11.0,,2.0,5.0,11.0,61.0
7,8,2016-03-06 22:30:00,1,Vancouver Whitecaps FC,28,4-2-3-1,2,0,1,1,91.0,81.0,10.0,64.0,12.0,0.0,2.0,9.0,14.0,57.0,Montreal Impact,29,4-2-3-1,3,3,2,1,101.0,102.0,2.0,49.0,11.0,2.0,1.0,6.0,11.0,43.0
8,226,2016-03-07 00:00:00,1,Seattle Sounders,37,4-3-3,0,0,0,0,97.0,97.0,7.0,48.0,9.0,2.0,0.0,3.0,7.0,45.0,Sporting Kansas City,27,4-3-3,1,3,0,1,143.0,110.0,6.0,73.0,19.0,1.0,2.0,4.0,6.0,55.0
9,227,2016-03-07 03:00:00,1,LA Galaxy,26,4-2-3-1,4,3,0,4,79.0,75.0,3.0,34.0,7.0,3.0,0.0,5.0,6.0,52.0,DC United,33,4-3-3,1,0,1,0,77.0,64.0,6.0,32.0,13.0,2.0,3.0,5.0,7.0,48.0
10,228,2016-03-12 00:00:00,2,Orlando City SC,35,4-3-3,1,1,1,0,110.0,81.0,6.0,71.0,20.0,,3.0,5.0,8.0,58.0,Chicago Fire,40,4-2-3-1,1,1,1,0,77.0,94.0,2.0,33.0,8.0,,3.0,3.0,8.0,42.0
11,229,2016-03-12 20:00:00,2,New England Revolution,36,4-2-3-1,0,1,0,0,111.0,93.0,4.0,68.0,11.0,1.0,1.0,3.0,8.0,58.0,DC United,33,4-3-3,0,1,0,0,81.0,98.0,3.0,45.0,19.0,2.0,4.0,1.0,4.0,42.0
12,230,2016-03-12 21:00:00,2,Montreal Impact,29,4-2-3-1,3,3,0,3,119.0,119.0,3.0,45.0,15.0,3.0,1.0,7.0,10.0,56.0,NY Red Bulls,31,4-2-3-1,0,0,0,0,121.0,101.0,5.0,60.0,15.0,2.0,1.0,3.0,6.0,44.0
13,231,2016-03-12 21:00:00,2,Real Salt Lake,23,4-3-3,2,3,1,1,81.0,70.0,5.0,37.0,14.0,2.0,1.0,3.0,5.0,55.0,Seattle Sounders,37,4-2-3-1,1,0,1,0,72.0,82.0,8.0,39.0,12.0,4.0,4.0,2.0,3.0,45.0
14,232,2016-03-13 00:00:00,2,Colorado Rapids,22,4-2-3-1,1,3,0,1,89.0,81.0,6.0,57.0,15.0,2.0,3.0,7.0,11.0,57.0,LA Galaxy,26,4-4-2,0,0,0,0,79.0,77.0,4.0,41.0,15.0,1.0,4.0,2.0,6.0,43.0
15,233,2016-03-13 00:30:00,2,Columbus Crew,39,4-2-3-1,1,0,0,1,101.0,98.0,8.0,60.0,8.0,,0.0,7.0,15.0,59.0,Philadelphia Union,25,4-2-3-1,2,3,1,1,82.0,92.0,4.0,53.0,9.0,,2.0,5.0,8.0,41.0
16,234,2016-03-13 01:30:00,2,Sporting Kansas City,27,4-2-3-1,2,3,2,0,130.0,116.0,6.0,57.0,14.0,4.0,1.0,5.0,12.0,58.0,Vancouver Whitecaps FC,28,4-2-3-1,1,0,0,1,75.0,83.0,0.0,36.0,22.0,2.0,2.0,4.0,9.0,42.0
17,235,2016-03-13 01:30:00,2,Houston Dynamo,38,4-2-3-1,5,3,4,1,91.0,92.0,1.0,44.0,15.0,2.0,3.0,5.0,6.0,48.0,FC Dallas,21,4-2-3-1,0,0,0,0,97.0,71.0,7.0,51.0,10.0,2.0,3.0,4.0,6.0,52.0
18,236,2016-03-13 21:00:00,2,New York City FC,24,3-4-3,2,1,2,0,102.0,114.0,4.0,50.0,18.0,2.0,2.0,6.0,12.0,57.0,Toronto FC,34,4-3-3,2,1,1,1,131.0,107.0,1.0,51.0,10.0,6.0,1.0,5.0,10.0,43.0
19,237,2016-03-13 23:00:00,2,San Jose Earthquakes,32,4-4-2,2,3,2,0,111.0,112.0,4.0,64.0,15.0,2.0,2.0,4.0,7.0,52.0,Portland Timbers,30,4-3-3,1,0,0,1,123.0,104.0,8.0,73.0,14.0,2.0,0.0,4.0,9.0,48.0
20,238,2016-03-18 23:00:00,3,New York City FC,24,3-4-3,0,0,0,0,145.0,119.0,12.0,80.0,11.0,2.0,1.0,7.0,12.0,66.0,Orlando City SC,35,4-3-3,1,3,1,0,104.0,106.0,3.0,38.0,9.0,1.0,2.0,5.0,7.0,34.0
21,239,2016-03-19 21:00:00,3,Chicago Fire,40,3-5-2,0,1,0,0,82.0,93.0,9.0,53.0,12.0,2.0,0.0,2.0,2.0,49.0,Columbus Crew,39,4-2-3-1,0,1,0,0,113.0,89.0,6.0,78.0,11.0,3.0,1.0,6.0,11.0,51.0
22,240,2016-03-19 23:00:00,3,NY Red Bulls,31,4-2-3-1,4,3,1,3,113.0,111.0,10.0,60.0,15.0,3.0,1.0,11.0,14.0,48.0,Houston Dynamo,38,4-2-3-1,3,0,2,1,100.0,83.0,5.0,61.0,11.0,1.0,1.0,6.0,11.0,52.0
23,241,2016-03-20 01:00:00,3,FC Dallas,21,4-2-3-1,2,3,0,2,120.0,98.0,5.0,72.0,10.0,0.0,2.0,7.0,17.0,53.0,Montreal Impact,29,4-2-3-1,0,0,0,0,121.0,116.0,2.0,42.0,15.0,3.0,1.0,3.0,5.0,47.0
24,242,2016-03-20 02:00:00,3,Seattle Sounders,37,4-3-3,1,0,0,1,100.0,81.0,8.0,63.0,11.0,2.0,3.0,5.0,14.0,55.0,Vancouver Whitecaps FC,28,4-2-3-1,2,3,1,1,88.0,86.0,1.0,36.0,21.0,1.0,3.0,7.0,9.0,45.0
25,243,2016-03-20 02:30:00,3,Portland Timbers,30,4-3-3,2,1,0,2,86.0,79.0,17.0,58.0,14.0,4.0,2.0,6.0,14.0,48.0,Real Salt Lake,23,4-3-3,2,1,1,1,68.0,73.0,4.0,23.0,13.0,1.0,2.0,4.0,4.0,52.0
26,244,2016-03-20 02:30:00,3,LA Galaxy,26,4-4-2,3,3,0,3,110.0,89.0,6.0,60.0,11.0,1.0,4.0,6.0,12.0,55.0,San Jose Earthquakes,32,4-4-2,1,0,0,1,88.0,89.0,2.0,36.0,21.0,0.0,3.0,3.0,4.0,45.0
27,245,2016-03-20 18:30:00,3,Philadelphia Union,25,4-2-3-1,3,3,2,1,115.0,112.0,5.0,39.0,16.0,,1.0,7.0,10.0,55.0,New England Revolution,36,4-2-3-1,0,0,0,0,115.0,95.0,4.0,58.0,14.0,,2.0,3.0,6.0,45.0
28,246,2016-03-20 21:00:00,3,DC United,33,4-4-2,1,1,0,1,135.0,121.0,7.0,73.0,11.0,0.0,1.0,5.0,11.0,48.0,Colorado Rapids,22,4-2-3-1,1,1,0,1,126.0,129.0,5.0,62.0,17.0,3.0,4.0,3.0,6.0,52.0
29,247,2016-03-20 23:00:00,3,Sporting Kansas City,27,4-3-3,1,3,0,1,102.0,97.0,3.0,54.0,13.0,0.0,1.0,3.0,6.0,53.0,Toronto FC,34,4-2-3-1,0,0,0,0,99.0,102.0,2.0,51.0,9.0,2.0,2.0,4.0,6.0,47.0
30,248,2016-03-26 19:00:00,4,New York City FC,24,3-5-2,1,1,1,0,125.0,133.0,4.0,59.0,17.0,1.0,4.0,5.0,12.0,63.0,New England Revolution,36,4-2-3-1,1,1,1,0,140.0,106.0,0.0,70.0,14.0,4.0,1.0,4.0,8.0,37.0
31,249,2016-03-26 21:30:00,4,DC United,33,4-4-2,0,0,0,0,116.0,107.0,3.0,62.0,10.0,2.0,2.0,1.0,8.0,53.0,FC Dallas,21,4-2-3-1,3,3,2,1,119.0,115.0,2.0,46.0,12.0,4.0,2.0,6.0,9.0,47.0
32,250,2016-03-27 02:00:00,4,Vancouver Whitecaps FC,28,4-4-2,1,3,1,0,95.0,92.0,2.0,36.0,16.0,1.0,2.0,6.0,9.0,50.0,Houston Dynamo,38,4-2-3-1,0,0,0,0,104.0,99.0,7.0,49.0,15.0,1.0,0.0,5.0,9.0,50.0
33,251,2016-04-01 23:00:00,5,New England Revolution,36,4-2-3-1,1,3,0,1,135.0,115.0,6.0,66.0,20.0,0.0,2.0,6.0,8.0,48.0,NY Red Bulls,31,4-4-2,0,0,0,0,114.0,114.0,9.0,54.0,14.0,2.0,2.0,5.0,7.0,52.0
34,252,2016-04-02 21:00:00,5,Chicago Fire,40,4-2-3-1,1,3,0,1,120.0,103.0,2.0,59.0,16.0,3.0,2.0,3.0,9.0,54.0,Philadelphia Union,25,4-2-3-1,0,0,0,0,115.0,97.0,5.0,70.0,7.0,0.0,1.0,4.0,10.0,46.0
35,253,2016-04-03 00:00:00,5,Colorado Rapids,22,4-2-3-1,1,3,1,0,113.0,95.0,8.0,60.0,22.0,3.0,3.0,7.0,11.0,56.0,Toronto FC,34,4-3-3,0,0,0,0,110.0,100.0,6.0,48.0,5.0,1.0,2.0,3.0,8.0,44.0
36,254,2016-04-03 00:30:00,5,Sporting Kansas City,27,4-3-3,1,0,0,1,97.0,91.0,7.0,47.0,13.0,8.0,1.0,3.0,9.0,54.0,Real Salt Lake,23,4-2-3-1,2,3,1,1,83.0,87.0,3.0,32.0,18.0,2.0,3.0,8.0,11.0,46.0
37,255,2016-04-03 01:00:00,5,FC Dallas,21,4-4-2,1,1,0,1,100.0,73.0,3.0,50.0,9.0,1.0,2.0,6.0,19.0,48.0,Columbus Crew,39,4-2-3-1,1,1,1,0,79.0,92.0,4.0,33.0,11.0,5.0,0.0,6.0,6.0,52.0
38,256,2016-04-03 02:00:00,5,Vancouver Whitecaps FC,28,4-2-3-1,0,1,0,0,85.0,94.0,3.0,33.0,11.0,0.0,0.0,2.0,4.0,41.0,LA Galaxy,26,4-4-2,0,1,0,0,84.0,87.0,3.0,59.0,15.0,1.0,2.0,2.0,9.0,59.0
39,257,2016-04-03 02:00:00,5,Seattle Sounders,37,4-2-3-1,1,3,0,1,115.0,101.0,3.0,49.0,8.0,1.0,1.0,3.0,8.0,57.0,Montreal Impact,29,4-2-3-1,0,0,0,0,106.0,100.0,2.0,41.0,14.0,1.0,3.0,5.0,8.0,43.0
40,258,2016-04-03 02:30:00,5,San Jose Earthquakes,32,4-4-2,1,1,0,1,110.0,107.0,5.0,51.0,8.0,6.0,2.0,4.0,8.0,48.0,DC United,33,4-4-2,1,1,1,0,96.0,95.0,3.0,40.0,17.0,1.0,3.0,4.0,7.0,52.0
41,259,2016-04-04 00:00:00,5,Orlando City SC,35,4-2-3-1,4,3,2,2,97.0,98.0,3.0,46.0,12.0,1.0,2.0,7.0,9.0,45.0,Portland Timbers,30,4-3-3,1,0,0,1,125.0,91.0,7.0,69.0,13.0,1.0,3.0,3.0,7.0,55.0
42,260,2016-04-08 23:00:00,6,Philadelphia Union,25,4-2-3-1,2,3,1,1,121.0,94.0,4.0,53.0,6.0,,1.0,6.0,10.0,54.0,Orlando City SC,35,4-3-3,1,0,1,0,98.0,107.0,7.0,35.0,18.0,,0.0,3.0,10.0,46.0
43,261,2016-04-09 20:00:00,6,New England Revolution,36,4-2-3-1,1,1,1,0,130.0,104.0,3.0,73.0,12.0,2.0,1.0,9.0,13.0,53.0,Toronto FC,34,4-3-3,1,1,0,1,148.0,151.0,3.0,61.0,9.0,1.0,4.0,2.0,6.0,47.0
44,262,2016-04-09 20:00:00,6,Montreal Impact,29,4-2-3-1,2,3,0,2,117.0,116.0,5.0,44.0,10.0,1.0,2.0,7.0,12.0,56.0,Columbus Crew,39,4-2-3-1,0,0,0,0,109.0,90.0,5.0,56.0,8.0,2.0,0.0,3.0,10.0,44.0
45,263,2016-04-09 21:30:00,6,DC United,33,4-4-2,4,3,1,3,119.0,104.0,4.0,62.0,8.0,3.0,1.0,15.0,24.0,52.0,Vancouver Whitecaps FC,28,4-4-2,0,0,0,0,119.0,111.0,2.0,52.0,10.0,2.0,1.0,4.0,8.0,48.0
46,264,2016-04-09 23:00:00,6,NY Red Bulls,31,4-2-3-1,0,0,0,0,145.0,128.0,7.0,85.0,12.0,4.0,1.0,8.0,18.0,64.0,Sporting Kansas City,27,4-3-3,2,3,1,1,118.0,108.0,0.0,51.0,5.0,3.0,1.0,3.0,7.0,36.0
47,265,2016-04-10 01:00:00,6,FC Dallas,21,4-4-2,2,1,1,1,91.0,82.0,10.0,49.0,12.0,0.0,4.0,5.0,13.0,59.0,San Jose Earthquakes,32,4-4-2,2,1,1,1,74.0,86.0,2.0,47.0,10.0,5.0,1.0,4.0,7.0,41.0
48,266,2016-04-10 01:30:00,6,Real Salt Lake,23,4-3-3,1,3,0,1,85.0,94.0,1.0,40.0,11.0,1.0,1.0,3.0,6.0,45.0,Colorado Rapids,22,4-2-3-1,0,0,0,0,79.0,93.0,5.0,40.0,13.0,6.0,2.0,5.0,7.0,55.0
49,267,2016-04-10 20:00:00,6,Houston Dynamo,38,4-2-3-1,1,1,1,0,83.0,78.0,4.0,48.0,4.0,1.0,1.0,7.0,12.0,52.0,Seattle Sounders,37,4-3-3,1,1,0,1,98.0,84.0,8.0,60.0,8.0,3.0,1.0,9.0,13.0,48.0
50,268,2016-04-10 23:00:00,6,New York City FC,24,4-3-3,0,1,0,0,132.0,114.0,4.0,66.0,16.0,1.0,1.0,8.0,16.0,56.0,Chicago Fire,40,4-2-3-1,0,1,0,0,120.0,112.0,2.0,58.0,14.0,7.0,1.0,0.0,5.0,44.0
51,269,2016-04-11 01:30:00,6,LA Galaxy,26,4-4-2,1,1,0,1,129.0,83.0,9.0,78.0,8.0,3.0,1.0,4.0,10.0,60.0,Portland Timbers,30,4-2-3-1,1,1,0,1,89.0,103.0,3.0,37.0,14.0,1.0,3.0,2.0,3.0,40.0
52,270,2016-04-14 00:30:00,7,Sporting Kansas City,27,4-3-3,1,0,0,1,140.0,119.0,8.0,60.0,6.0,1.0,1.0,4.0,12.0,55.0,Colorado Rapids,22,4-2-3-1,2,3,1,1,98.0,99.0,0.0,36.0,20.0,0.0,3.0,5.0,9.0,45.0
53,271,2016-04-14 02:30:00,7,San Jose Earthquakes,32,4-4-2,2,3,1,1,86.0,94.0,1.0,42.0,8.0,2.0,1.0,6.0,10.0,55.0,NY Red Bulls,31,4-2-3-1,0,0,0,0,112.0,92.0,3.0,71.0,16.0,1.0,1.0,6.0,9.0,45.0
54,272,2016-04-14 02:30:00,7,Portland Timbers,30,4-2-3-1,1,0,0,1,75.0,84.0,11.0,40.0,15.0,2.0,3.0,7.0,10.0,45.0,FC Dallas,21,4-4-2,3,3,3,0,61.0,61.0,6.0,43.0,16.0,1.0,4.0,5.0,12.0,55.0
55,273,2016-04-16 21:00:00,7,Chicago Fire,40,4-4-1-1,1,0,1,0,77.0,84.0,6.0,34.0,7.0,3.0,,2.0,3.0,45.0,Montreal Impact,29,4-2-3-1,2,3,0,2,90.0,84.0,10.0,36.0,5.0,1.0,,7.0,12.0,55.0
56,274,2016-04-16 21:00:00,7,DC United,33,4-4-2,0,0,0,0,148.0,109.0,5.0,84.0,18.0,2.0,2.0,4.0,12.0,57.0,Toronto FC,34,4-4-1-1,1,3,1,0,106.0,122.0,3.0,39.0,13.0,3.0,2.0,4.0,9.0,43.0
57,275,2016-04-16 23:30:00,7,Columbus Crew,39,4-2-3-1,3,3,1,2,107.0,105.0,11.0,59.0,10.0,6.0,1.0,4.0,11.0,48.0,New York City FC,24,4-3-3,2,0,1,1,99.0,92.0,4.0,53.0,9.0,2.0,3.0,5.0,12.0,52.0
58,276,2016-04-15 23:00:00,7,Houston Dynamo,38,4-2-3-1,1,0,1,0,122.0,109.0,3.0,58.0,9.0,2.0,0.0,3.0,7.0,57.0,LA Galaxy,26,4-2-3-1,4,3,3,1,99.0,94.0,4.0,47.0,16.0,1.0,2.0,5.0,11.0,43.0
59,277,2016-04-17 01:00:00,7,Colorado Rapids,22,4-2-3-1,2,3,1,1,88.0,78.0,5.0,43.0,15.0,1.0,1.0,9.0,12.0,46.0,NY Red Bulls,31,4-2-3-1,1,0,0,1,95.0,73.0,9.0,53.0,12.0,0.0,4.0,2.0,5.0,54.0
60,278,2016-04-17 02:00:00,7,Seattle Sounders,37,4-3-3,2,3,1,1,83.0,91.0,3.0,47.0,11.0,,3.0,8.0,14.0,55.0,Philadelphia Union,25,4-2-3-1,1,0,0,1,100.0,83.0,7.0,55.0,16.0,,3.0,5.0,9.0,45.0
61,279,2016-04-17 02:00:00,7,Real Salt Lake,23,4-3-3,1,3,0,1,102.0,92.0,4.0,52.0,9.0,1.0,1.0,5.0,10.0,45.0,Vancouver Whitecaps FC,28,4-3-3,0,0,0,0,102.0,98.0,6.0,54.0,16.0,2.0,2.0,3.0,7.0,55.0
62,280,2016-04-17 02:30:00,7,Portland Timbers,30,4-2-3-1,3,3,0,3,104.0,103.0,1.0,44.0,10.0,2.0,2.0,6.0,8.0,46.0,San Jose Earthquakes,32,4-4-2,1,0,0,1,109.0,89.0,4.0,73.0,7.0,0.0,2.0,6.0,14.0,54.0
63,281,2016-04-17 19:30:00,7,Orlando City SC,35,4-2-3-1,2,1,1,1,125.0,133.0,8.0,56.0,10.0,1.0,1.0,7.0,13.0,49.0,New England Revolution,36,4-2-3-1,2,1,1,1,130.0,113.0,7.0,72.0,16.0,0.0,1.0,7.0,16.0,51.0
64,282,2016-04-17 23:00:00,7,FC Dallas,21,4-4-2,2,3,1,1,98.0,103.0,5.0,48.0,12.0,3.0,1.0,5.0,9.0,49.0,Sporting Kansas City,27,4-3-3,1,0,1,0,109.0,93.0,4.0,48.0,5.0,1.0,0.0,5.0,10.0,51.0
65,283,2016-04-23 20:00:00,8,Philadelphia Union,25,4-2-3-1,2,3,2,0,101.0,88.0,5.0,40.0,8.0,1.0,2.0,6.0,11.0,36.0,New York City FC,24,4-3-3,0,0,0,0,99.0,92.0,6.0,58.0,9.0,0.0,3.0,1.0,9.0,64.0
66,284,2016-04-23 20:00:00,8,Montreal Impact,29,4-2-3-1,0,0,0,0,101.0,89.0,7.0,61.0,10.0,1.0,0.0,3.0,8.0,52.0,Toronto FC,34,4-4-2,2,3,1,1,88.0,84.0,8.0,46.0,13.0,1.0,1.0,4.0,7.0,48.0
67,285,2016-04-23 21:30:00,8,DC United,33,4-4-2,3,3,1,2,77.0,71.0,6.0,35.0,16.0,1.0,2.0,7.0,13.0,47.0,New England Revolution,36,4-2-3-1,0,0,0,0,77.0,70.0,1.0,40.0,17.0,1.0,2.0,7.0,11.0,53.0
68,286,2016-04-23 23:30:00,8,Columbus Crew,39,4-2-3-1,1,3,1,0,105.0,108.0,12.0,74.0,13.0,8.0,2.0,6.0,10.0,55.0,Houston Dynamo,38,4-1-4-1,0,0,0,0,76.0,88.0,4.0,26.0,10.0,0.0,0.0,3.0,4.0,45.0
69,287,2016-04-24 01:00:00,8,Colorado Rapids,22,4-2-3-1,3,3,1,2,85.0,81.0,5.0,47.0,14.0,1.0,4.0,7.0,9.0,46.0,Seattle Sounders,37,4-3-3,1,0,0,1,90.0,86.0,5.0,46.0,11.0,0.0,1.0,5.0,10.0,54.0
70,288,2016-04-24 02:30:00,8,LA Galaxy,26,4-2-3-1,5,3,4,1,61.0,64.0,4.0,31.0,10.0,,2.0,8.0,10.0,60.0,Real Salt Lake,23,4-3-3,2,0,1,1,58.0,52.0,6.0,29.0,8.0,,3.0,5.0,10.0,40.0
71,289,2016-04-24 02:30:00,8,Vancouver Whitecaps FC,28,4-2-3-1,3,3,1,2,90.0,122.0,2.0,46.0,13.0,2.0,2.0,6.0,12.0,46.0,FC Dallas,21,4-4-2,0,0,0,0,108.0,100.0,7.0,71.0,11.0,1.0,2.0,4.0,11.0,54.0
72,290,2016-04-24 19:30:00,8,San Jose Earthquakes,32,4-4-2,1,3,0,1,106.0,104.0,5.0,38.0,12.0,1.0,1.0,2.0,3.0,46.0,Sporting Kansas City,27,4-3-3,0,0,0,0,109.0,105.0,4.0,52.0,18.0,1.0,3.0,6.0,11.0,54.0
73,291,2016-04-24 23:30:00,8,NY Red Bulls,31,4-2-3-1,3,3,0,3,129.0,100.0,8.0,86.0,14.0,4.0,1.0,8.0,16.0,54.0,Orlando City SC,35,4-4-2,2,0,1,1,103.0,106.0,6.0,48.0,11.0,2.0,3.0,3.0,9.0,46.0
74,292,2016-04-27 23:00:00,9,New York City FC,24,4-3-3,1,1,0,1,109.0,98.0,12.0,57.0,11.0,0.0,3.0,5.0,10.0,54.0,Montreal Impact,29,4-3-3,1,1,0,1,114.0,103.0,4.0,42.0,14.0,3.0,4.0,2.0,5.0,46.0
75,293,2016-04-27 23:30:00,9,New England Revolution,36,4-2-3-1,1,1,0,1,122.0,90.0,10.0,77.0,14.0,2.0,2.0,3.0,13.0,52.0,Portland Timbers,30,4-4-2,1,1,0,1,96.0,105.0,1.0,37.0,16.0,1.0,1.0,2.0,6.0,48.0
76,294,2016-04-28 02:30:00,9,Vancouver Whitecaps FC,28,4-2-3-1,1,1,1,0,87.0,95.0,5.0,34.0,11.0,1.0,1.0,3.0,4.0,52.0,Sporting Kansas City,27,4-3-3,1,1,1,0,90.0,80.0,9.0,55.0,11.0,2.0,3.0,2.0,7.0,48.0
77,295,2016-04-29 23:00:00,9,NY Red Bulls,31,4-2-3-1,4,3,1,3,134.0,105.0,5.0,84.0,9.0,2.0,1.0,11.0,16.0,54.0,FC Dallas,21,4-2-3-1,0,0,0,0,97.0,113.0,4.0,52.0,15.0,2.0,1.0,5.0,11.0,46.0
78,296,2016-04-30 20:00:00,9,New York City FC,24,4-3-3,3,3,2,1,87.0,90.0,4.0,45.0,15.0,1.0,3.0,5.0,10.0,54.0,Vancouver Whitecaps FC,28,4-2-3-1,2,0,1,1,83.0,80.0,4.0,45.0,15.0,4.0,1.0,6.0,11.0,46.0
79,297,2016-04-30 20:00:00,9,Philadelphia Union,25,4-2-3-1,1,1,1,0,146.0,124.0,6.0,50.0,8.0,1.0,0.0,2.0,6.0,55.0,San Jose Earthquakes,32,4-4-2,1,1,0,1,101.0,113.0,3.0,34.0,14.0,1.0,2.0,4.0,7.0,45.0
80,298,2016-04-30 20:00:00,9,Seattle Sounders,37,4-3-3,1,3,0,1,97.0,75.0,6.0,57.0,8.0,1.0,2.0,7.0,12.0,45.0,Columbus Crew,39,4-2-3-1,0,0,0,0,91.0,81.0,5.0,48.0,13.0,1.0,2.0,4.0,9.0,55.0
81,299,2016-04-30 20:00:00,9,Montreal Impact,29,4-2-3-1,2,1,1,1,102.0,92.0,10.0,58.0,11.0,1.0,1.0,6.0,11.0,49.0,Colorado Rapids,22,4-2-3-1,2,1,0,2,98.0,74.0,2.0,52.0,13.0,0.0,3.0,5.0,6.0,51.0
82,300,2016-04-30 21:00:00,9,Chicago Fire,40,4-4-2,1,1,1,0,120.0,121.0,5.0,47.0,13.0,1.0,1.0,1.0,6.0,52.0,DC United,33,4-4-2,1,1,0,1,139.0,135.0,3.0,64.0,14.0,1.0,2.0,4.0,7.0,48.0
83,301,2016-04-30 23:30:00,9,New England Revolution,36,4-2-3-1,2,1,1,1,103.0,82.0,3.0,52.0,11.0,1.0,1.0,6.0,9.0,54.0,Orlando City SC,35,4-4-2,2,1,1,1,95.0,98.0,4.0,44.0,18.0,0.0,3.0,3.0,10.0,46.0
84,302,2016-05-01 01:30:00,9,Real Salt Lake,23,4-3-3,2,3,0,2,93.0,81.0,7.0,40.0,7.0,0.0,0.0,7.0,14.0,55.0,Houston Dynamo,38,4-2-3-1,1,0,0,1,79.0,92.0,5.0,38.0,18.0,2.0,2.0,4.0,11.0,45.0
85,303,2016-05-01 19:30:00,9,Portland Timbers,30,4-3-3,2,3,1,1,99.0,93.0,3.0,55.0,18.0,3.0,2.0,4.0,8.0,51.0,Toronto FC,34,4-4-2,1,0,1,0,125.0,103.0,4.0,72.0,9.0,1.0,1.0,9.0,13.0,49.0
86,304,2016-05-02 00:00:00,9,Sporting Kansas City,27,4-3-3,1,1,1,0,116.0,107.0,7.0,71.0,14.0,3.0,1.0,1.0,10.0,53.0,LA Galaxy,26,4-2-3-1,1,1,1,0,100.0,101.0,1.0,40.0,12.0,3.0,2.0,1.0,3.0,47.0
87,305,2016-05-06 23:00:00,10,Orlando City SC,35,4-2-3-1,1,1,0,1,129.0,121.0,7.0,74.0,15.0,2.0,4.0,4.0,7.0,50.0,NY Red Bulls,31,4-2-3-1,1,1,1,0,130.0,100.0,0.0,76.0,17.0,3.0,4.0,2.0,3.0,50.0
88,306,2016-05-07 21:00:00,10,Vancouver Whitecaps FC,28,4-2-3-1,2,3,0,2,110.0,85.0,11.0,73.0,15.0,2.0,3.0,11.0,21.0,57.0,Portland Timbers,30,4-3-3,1,0,1,0,101.0,103.0,5.0,45.0,14.0,4.0,2.0,6.0,10.0,43.0
89,307,2016-05-07 23:30:00,10,Toronto FC,34,4-1-3-2,1,3,1,0,88.0,79.0,4.0,49.0,23.0,0.0,5.0,6.0,14.0,45.0,FC Dallas,21,4-3-3,0,0,0,0,81.0,79.0,4.0,45.0,15.0,2.0,1.0,3.0,4.0,55.0
90,308,2016-05-07 23:30:00,10,Columbus Crew,39,4-2-3-1,4,1,2,2,109.0,105.0,7.0,66.0,10.0,,1.0,7.0,10.0,52.0,Montreal Impact,29,4-2-3-1,4,1,1,3,108.0,93.0,1.0,70.0,10.0,,2.0,13.0,16.0,48.0
91,309,2016-05-08 00:30:00,10,Houston Dynamo,38,4-2-3-1,2,3,2,0,101.0,93.0,3.0,56.0,18.0,1.0,3.0,7.0,11.0,53.0,Sporting Kansas City,27,4-3-3,0,0,0,0,125.0,120.0,8.0,68.0,16.0,2.0,1.0,3.0,10.0,47.0
92,310,2016-05-08 01:00:00,10,Colorado Rapids,22,4-2-3-1,1,3,0,1,72.0,83.0,6.0,45.0,13.0,2.0,4.0,5.0,14.0,54.0,Real Salt Lake,23,4-3-3,0,0,0,0,88.0,84.0,2.0,44.0,10.0,0.0,2.0,4.0,7.0,46.0
93,311,2016-05-08 02:00:00,10,Seattle Sounders,37,4-3-3,2,3,1,1,91.0,90.0,12.0,49.0,7.0,0.0,1.0,7.0,8.0,58.0,San Jose Earthquakes,32,4-4-2,0,0,0,0,88.0,92.0,6.0,47.0,10.0,2.0,0.0,3.0,8.0,42.0
94,312,2016-05-08 19:30:00,10,LA Galaxy,26,4-1-4-1,4,3,3,1,104.0,107.0,5.0,41.0,10.0,2.0,1.0,12.0,16.0,48.0,New England Revolution,36,4-2-3-1,2,0,0,2,102.0,93.0,5.0,49.0,9.0,1.0,1.0,9.0,13.0,52.0
95,313,2016-05-08 23:30:00,10,DC United,33,4-4-2,0,0,0,0,123.0,107.0,0.0,55.0,18.0,5.0,3.0,1.0,7.0,49.0,New York City FC,24,4-3-3,2,3,0,2,108.0,112.0,6.0,50.0,17.0,1.0,3.0,4.0,8.0,51.0
96,314,2016-05-11 23:00:00,11,Philadelphia Union,25,4-2-3-1,2,1,1,1,118.0,90.0,6.0,59.0,8.0,2.0,0.0,5.0,13.0,50.0,LA Galaxy,26,4-3-3,2,1,1,1,121.0,117.0,3.0,47.0,11.0,0.0,2.0,2.0,3.0,50.0
97,315,2016-05-12 01:00:00,11,FC Dallas,21,4-2-3-1,2,3,0,2,90.0,89.0,5.0,56.0,16.0,5.0,2.0,7.0,11.0,54.0,Portland Timbers,30,4-3-3,1,0,1,0,89.0,92.0,4.0,46.0,17.0,0.0,2.0,4.0,7.0,46.0
98,316,2016-05-12 01:00:00,11,Colorado Rapids,22,4-2-3-1,1,3,0,1,107.0,100.0,1.0,37.0,18.0,2.0,2.0,2.0,5.0,48.0,Sporting Kansas City,27,4-3-3,0,0,0,0,103.0,92.0,4.0,33.0,20.0,2.0,3.0,1.0,4.0,52.0
99,317,2016-05-12 02:00:00,11,Vancouver Whitecaps FC,28,4-2-3-1,2,3,1,1,105.0,82.0,6.0,60.0,17.0,0.0,1.0,11.0,15.0,54.0,Chicago Fire,40,3-5-2,1,0,0,1,79.0,85.0,3.0,49.0,4.0,1.0,0.0,4.0,9.0,46.0
100,318,2016-05-12 02:30:00,11,San Jose Earthquakes,32,4-4-2,3,3,1,2,126.0,134.0,4.0,57.0,12.0,3.0,1.0,8.0,12.0,53.0,Houston Dynamo,38,4-2-3-1,1,0,1,0,116.0,112.0,10.0,52.0,18.0,0.0,1.0,4.0,9.0,47.0
101,319,2016-05-13 23:00:00,11,DC United,33,4-4-2,2,3,2,0,97.0,86.0,3.0,53.0,17.0,4.0,3.0,6.0,9.0,42.0,NY Red Bulls,31,4-5-1,0,0,0,0,112.0,87.0,1.0,63.0,15.0,2.0,2.0,6.0,11.0,58.0
102,320,2016-05-14 21:00:00,11,Montreal Impact,29,4-1-4-1,1,1,1,0,116.0,101.0,6.0,56.0,15.0,1.0,3.0,9.0,13.0,48.0,Philadelphia Union,25,4-2-3-1,1,1,1,0,112.0,102.0,6.0,56.0,15.0,2.0,1.0,5.0,10.0,52.0
103,321,2016-05-14 23:30:00,11,Toronto FC,34,4-3-3,3,0,1,2,120.0,83.0,11.0,67.0,10.0,1.0,1.0,8.0,12.0,58.0,Vancouver Whitecaps FC,28,4-2-3-1,4,3,2,2,82.0,95.0,0.0,38.0,13.0,1.0,3.0,6.0,7.0,42.0
104,322,2016-05-14 23:30:00,11,New England Revolution,36,4-2-3-1,2,3,1,1,103.0,66.0,4.0,63.0,15.0,2.0,3.0,6.0,13.0,49.0,Chicago Fire,40,5-3-2,0,0,0,0,74.0,89.0,4.0,35.0,17.0,1.0,1.0,0.0,4.0,51.0
105,323,2016-05-14 23:30:00,11,Columbus Crew,39,4-2-3-1,1,1,1,0,74.0,79.0,5.0,29.0,7.0,,0.0,4.0,5.0,52.0,Colorado Rapids,22,4-2-3-1,1,1,0,1,73.0,73.0,3.0,28.0,15.0,,2.0,6.0,9.0,48.0
106,324,2016-05-15 01:00:00,11,FC Dallas,21,4-2-3-1,2,3,1,1,119.0,109.0,3.0,51.0,10.0,2.0,,6.0,8.0,41.0,Seattle Sounders,37,4-3-3,0,0,0,0,128.0,123.0,2.0,64.0,11.0,2.0,,3.0,7.0,59.0
107,325,2016-05-15 18:00:00,11,Houston Dynamo,38,4-2-3-1,1,3,0,1,76.0,68.0,9.0,48.0,15.0,5.0,1.0,4.0,12.0,47.0,Real Salt Lake,23,4-3-3,0,0,0,0,65.0,79.0,3.0,34.0,13.0,0.0,1.0,0.0,4.0,53.0
108,326,2016-05-15 19:30:00,11,Sporting Kansas City,27,4-3-3,2,3,0,2,124.0,89.0,6.0,80.0,10.0,2.0,2.0,15.0,24.0,55.0,Orlando City SC,35,4-2-3-1,1,0,0,1,89.0,102.0,4.0,33.0,8.0,3.0,0.0,1.0,7.0,45.0
109,327,2016-05-15 23:30:00,11,Portland Timbers,30,4-2-3-1,1,0,0,1,140.0,115.0,10.0,57.0,4.0,2.0,1.0,8.0,18.0,59.0,New York City FC,24,4-3-3,2,3,1,1,84.0,99.0,2.0,30.0,6.0,3.0,2.0,6.0,10.0,41.0
110,328,2016-05-18 23:00:00,12,Toronto FC,34,4-1-3-2,1,1,1,0,,,,,,,0.0,,,,New York City FC,24,4-3-3,1,1,1,0,,,,,,,1.0,,,
111,329,2016-05-18 23:30:00,12,NY Red Bulls,31,4-2-3-1,1,3,0,1,,,,,,,0.0,,,,Chicago Fire,40,4-3-3,0,0,0,0,,,,,,,0.0,,,
112,330,2016-05-20 23:00:00,12,Philadelphia Union,25,4-2-3-1,1,3,0,1,,,,,,,0.0,,,,DC United,33,4-4-2,0,0,0,0,,,,,,,0.0,,,
113,331,2016-05-21 19:35:00,12,New York City FC,24,4-3-3,0,0,0,0,,,,,,,0.0,,,,NY Red Bulls,31,4-2-3-1,7,3,3,4,,,,,,,0.0,,,
114,332,2016-05-21 21:00:00,12,Chicago Fire,40,4-3-3,1,3,1,0,,,,,,,0.0,,,,Houston Dynamo,38,4-2-3-1,0,0,0,0,,,,,,,0.0,,,
115,333,2016-05-21 21:00:00,12,Toronto FC,34,3-5-2,0,1,0,0,,,,,,,0.0,,,,Columbus Crew,39,4-2-3-1,0,1,0,0,,,,,,,0.0,,,
116,334,2016-05-21 23:30:00,12,New England Revolution,36,4-2-3-1,2,0,2,0,,,,,,,0.0,,,,FC Dallas,21,4-4-2,4,3,2,2,,,,,,,0.0,,,
117,335,2016-05-21 23:30:00,12,Orlando City SC,35,4-2-3-1,2,3,1,1,,,,,,,0.0,,,,Montreal Impact,29,4-1-4-1,1,0,1,0,,,,,,,0.0,,,
118,336,2016-05-22 00:30:00,12,Sporting Kansas City,27,4-3-3,1,0,0,1,,,,,,,0.0,,,,Real Salt Lake,23,4-3-3,3,3,2,1,,,,,,,0.0,,,
119,337,2016-05-22 02:00:00,12,Seattle Sounders,37,4-3-3,0,0,0,0,,,,,,,0.0,,,,Colorado Rapids,22,4-2-3-1,1,3,1,0,,,,,,,0.0,,,
120,338,2016-05-22 20:30:00,12,Portland Timbers,30,4-2-3-1,4,3,2,2,,,,,,,0.0,,,,Vancouver Whitecaps FC,28,4-2-3-1,2,0,0,2,,,,,,,0.0,,,
121,339,2016-05-22 23:00:00,12,LA Galaxy,26,4-3-3,1,1,0,1,,,,,,,0.0,,,,San Jose Earthquakes,32,4-4-2,1,1,0,1,,,,,,,0.0,,,
122,340,2016-05-25 23:30:00,13,Orlando City SC,35,4-2-3-1,2,1,0,2,,,,,,,0.0,,,,Philadelphia Union,25,4-2-3-1,2,1,0,2,,,,,,,0.0,,,
123,341,2016-05-28 01:30:00,13,Sporting Kansas City,27,4-3-3,0,0,0,0,,,,,,,0.0,,,,DC United,33,4-4-2,1,3,0,1,,,,,,,0.0,,,
124,342,2016-05-28 22:00:00,13,Vancouver Whitecaps FC,28,4-4-1-1,1,1,0,1,,,,,,,0.0,,,,Houston Dynamo,38,4-3-3,1,1,1,0,,,,,,,0.0,,,
125,343,2016-05-28 23:00:00,13,NY Red Bulls,31,4-2-3-1,3,3,3,0,,,,,,,0.0,,,,Toronto FC,34,4-3-3,0,0,0,0,,,,,,,0.0,,,
126,344,2016-05-28 23:30:00,13,New England Revolution,36,4-5-1,2,3,1,1,,,,,,,0.0,,,,Seattle Sounders,37,4-3-3,1,0,1,0,,,,,,,0.0,,,
127,345,2016-05-28 23:30:00,13,Columbus Crew,39,4-2-3-1,4,3,2,2,,,,,,,0.0,,,,Real Salt Lake,23,4-3-3,3,0,1,2,,,,,,,0.0,,,
128,346,2016-05-29 00:00:00,13,Montreal Impact,29,4-2-3-1,3,3,1,2,,,,,,,0.0,,,,LA Galaxy,26,4-4-2,2,0,1,1,,,,,,,0.0,,,
129,347,2016-05-29 00:30:00,13,Chicago Fire,40,4-3-3,1,1,1,0,,,,,,,0.0,,,,Portland Timbers,30,4-2-3-1,1,1,1,0,,,,,,,0.0,,,
130,348,2016-05-29 01:00:00,13,Colorado Rapids,22,4-2-3-1,1,1,0,1,,,,,,,0.0,,,,Philadelphia Union,25,4-2-3-1,1,1,0,1,,,,,,,0.0,,,
131,349,2016-05-29 02:30:00,13,San Jose Earthquakes,32,4-4-2,0,1,0,0,,,,,,,0.0,,,,FC Dallas,21,4-2-3-1,0,1,0,0,,,,,,,0.0,,,
132,350,2016-05-29 20:30:00,13,New York City FC,24,4-3-3,2,1,1,1,,,,,,,0.0,,,,Orlando City SC,35,4-2-3-1,2,1,0,2,,,,,,,0.0,,,
133,351,2016-06-01 23:00:00,14,Philadelphia Union,25,4-2-3-1,3,3,1,2,92.0,82.0,8.0,43.0,10.0,2.0,3.0,8.0,14.0,48.0,Columbus Crew,39,4-2-3-1,2,0,1,1,84.0,82.0,3.0,51.0,6.0,2.0,1.0,3.0,7.0,52.0
134,352,2016-06-02 00:00:00,14,DC United,33,4-4-2,0,0,0,0,111.0,90.0,4.0,59.0,14.0,2.0,1.0,2.0,12.0,47.0,Seattle Sounders,37,4-3-3,2,3,0,2,87.0,101.0,0.0,46.0,11.0,2.0,2.0,8.0,10.0,53.0
135,353,2016-06-02 02:30:00,14,Portland Timbers,30,4-2-3-1,1,3,1,0,82.0,84.0,1.0,37.0,13.0,0.0,0.0,1.0,1.0,42.0,San Jose Earthquakes,32,4-4-2,0,0,0,0,89.0,80.0,3.0,56.0,19.0,2.0,4.0,3.0,8.0,58.0
136,354,2016-06-02 23:00:00,14,New York City FC,24,4-3-3,2,0,0,2,114.0,90.0,5.0,67.0,6.0,5.0,1.0,5.0,13.0,61.0,Real Salt Lake,23,4-3-3,3,3,0,3,92.0,104.0,5.0,28.0,10.0,1.0,3.0,2.0,4.0,39.0
137,355,2016-06-03 01:00:00,14,FC Dallas,21,4-2-3-1,1,1,1,0,83.0,82.0,2.0,35.0,12.0,2.0,1.0,6.0,9.0,52.0,Houston Dynamo,38,5-4-1,1,1,0,1,76.0,85.0,1.0,38.0,18.0,1.0,0.0,3.0,7.0,48.0
138,356,2016-06-03 02:30:00,14,LA Galaxy,26,4-1-3-2,0,1,0,0,116.0,115.0,0.0,33.0,9.0,3.0,2.0,0.0,0.0,56.0,Sporting Kansas City,27,4-3-3,0,1,0,0,90.0,80.0,8.0,42.0,13.0,1.0,1.0,5.0,11.0,44.0
139,357,2016-06-18 17:00:00,15,New York City FC,24,4-3-3,3,3,2,1,91.0,102.0,0.0,51.0,17.0,1.0,4.0,7.0,14.0,56.0,Philadelphia Union,25,4-2-3-1,2,0,0,2,125.0,135.0,6.0,67.0,17.0,2.0,2.0,5.0,10.0,44.0
140,358,2016-06-18 23:00:00,15,Vancouver Whitecaps FC,28,4-2-3-1,1,0,1,0,102.0,83.0,5.0,61.0,17.0,1.0,3.0,4.0,13.0,61.0,New England Revolution,36,4-2-3-1,2,3,1,1,82.0,84.0,4.0,33.0,11.0,0.0,2.0,5.0,7.0,39.0
141,359,2016-06-18 23:30:00,15,Orlando City SC,35,4-2-3-1,2,1,0,2,78.0,77.0,6.0,50.0,16.0,1.0,3.0,5.0,12.0,52.0,San Jose Earthquakes,32,4-4-2,2,1,0,2,98.0,91.0,3.0,44.0,14.0,2.0,3.0,4.0,11.0,48.0
142,360,2016-06-18 23:30:00,15,Toronto FC,34,4-3-3,1,3,0,1,124.0,111.0,9.0,61.0,8.0,1.0,0.0,5.0,10.0,54.0,LA Galaxy,26,4-4-2,0,0,0,0,113.0,103.0,5.0,54.0,8.0,0.0,1.0,2.0,8.0,46.0
143,361,2016-06-18 23:30:00,15,Columbus Crew,39,4-2-3-1,0,1,0,0,70.0,77.0,5.0,26.0,13.0,1.0,3.0,2.0,6.0,55.0,Montreal Impact,29,4-2-3-1,0,1,0,0,67.0,63.0,4.0,18.0,14.0,1.0,2.0,2.0,5.0,45.0
144,362,2016-06-19 01:00:00,15,Houston Dynamo,38,4-5-1,0,1,0,0,103.0,80.0,8.0,44.0,14.0,0.0,1.0,5.0,12.0,53.0,DC United,33,4-2-3-1,0,1,0,0,101.0,106.0,2.0,37.0,19.0,2.0,3.0,4.0,8.0,47.0
145,363,2016-06-19 01:00:00,15,Colorado Rapids,22,4-2-3-1,2,3,0,2,90.0,80.0,2.0,58.0,12.0,,1.0,4.0,8.0,52.0,Chicago Fire,40,4-2-3-1,1,0,0,1,68.0,84.0,3.0,36.0,14.0,,1.0,2.0,3.0,48.0
146,364,2016-06-19 02:00:00,15,Real Salt Lake,23,4-3-3,2,1,1,1,95.0,82.0,4.0,55.0,14.0,0.0,2.0,5.0,12.0,53.0,Portland Timbers,30,4-2-3-1,2,1,2,0,95.0,87.0,7.0,46.0,11.0,5.0,3.0,7.0,9.0,47.0
147,365,2016-06-19 21:00:00,15,Sporting Kansas City,27,4-3-3,2,3,2,0,95.0,106.0,0.0,24.0,12.0,1.0,3.0,3.0,7.0,45.0,FC Dallas,21,4-4-2,0,0,0,0,94.0,90.0,5.0,52.0,10.0,4.0,0.0,1.0,9.0,55.0
148,366,2016-06-19 23:30:00,15,NY Red Bulls,31,4-2-3-1,2,3,1,1,128.0,99.0,4.0,70.0,8.0,2.0,4.0,4.0,7.0,48.0,Seattle Sounders,37,4-3-3,0,0,0,0,102.0,107.0,5.0,50.0,14.0,1.0,2.0,4.0,13.0,52.0
149,367,2016-06-22 23:00:00,16,Philadelphia Union,25,4-2-3-1,4,3,3,1,80.0,77.0,6.0,42.0,16.0,2.0,3.0,5.0,10.0,55.0,Chicago Fire,40,5-3-2,3,0,1,2,83.0,85.0,4.0,41.0,12.0,1.0,1.0,5.0,9.0,45.0
150,368,2016-06-23 02:00:00,16,Real Salt Lake,23,4-3-3,2,3,0,2,105.0,94.0,3.0,50.0,14.0,3.0,2.0,3.0,8.0,58.0,NY Red Bulls,31,4-2-3-1,1,0,1,0,97.0,97.0,5.0,35.0,17.0,5.0,3.0,2.0,4.0,42.0
151,369,2016-06-23 02:30:00,16,LA Galaxy,26,4-4-2,0,1,0,0,88.0,74.0,8.0,53.0,9.0,0.0,2.0,5.0,9.0,55.0,Colorado Rapids,22,4-2-3-1,0,1,0,0,83.0,85.0,1.0,35.0,11.0,3.0,3.0,5.0,8.0,45.0
152,370,2016-06-25 21:00:00,16,Seattle Sounders,37,4-3-3,0,0,0,0,82.0,74.0,4.0,50.0,9.0,4.0,0.0,1.0,8.0,47.0,New York City FC,24,4-3-3,2,3,1,1,73.0,82.0,5.0,33.0,15.0,2.0,2.0,5.0,6.0,53.0
153,371,2016-06-25 23:00:00,16,DC United,33,4-3-3,2,3,2,0,98.0,115.0,3.0,41.0,13.0,1.0,3.0,5.0,9.0,51.0,New England Revolution,36,4-2-3-1,0,0,0,0,127.0,97.0,4.0,63.0,13.0,4.0,0.0,4.0,6.0,49.0
154,372,2016-06-25 23:00:00,16,Philadelphia Union,25,4-2-3-1,2,0,1,1,86.0,71.0,6.0,53.0,7.0,1.0,1.0,5.0,11.0,49.0,Vancouver Whitecaps FC,28,4-2-3-1,3,3,2,1,84.0,87.0,5.0,32.0,15.0,0.0,1.0,6.0,8.0,51.0
155,373,2016-06-25 23:30:00,16,Columbus Crew,39,4-2-3-1,1,1,0,1,116.0,107.0,7.0,55.0,9.0,2.0,1.0,3.0,10.0,57.0,NY Red Bulls,31,4-2-3-1,1,1,0,1,94.0,99.0,3.0,40.0,13.0,2.0,4.0,5.0,10.0,43.0
156,374,2016-06-25 23:30:00,16,Orlando City SC,35,4-2-3-1,3,3,1,2,96.0,92.0,7.0,58.0,11.0,1.0,1.0,7.0,14.0,51.0,Toronto FC,34,4-4-2,2,0,0,2,82.0,86.0,5.0,44.0,11.0,2.0,1.0,4.0,6.0,49.0
157,375,2016-06-25 23:30:00,16,Montreal Impact,29,4-4-2,2,1,2,0,108.0,111.0,2.0,43.0,14.0,1.0,3.0,6.0,10.0,54.0,Sporting Kansas City,27,4-3-3,2,1,1,1,95.0,81.0,6.0,37.0,8.0,2.0,1.0,4.0,9.0,46.0
158,376,2016-06-26 00:00:00,16,FC Dallas,21,4-3-3,2,3,1,1,98.0,91.0,7.0,58.0,13.0,3.0,2.0,5.0,9.0,54.0,Real Salt Lake,23,4-3-3,0,0,0,0,82.0,77.0,4.0,39.0,16.0,1.0,1.0,1.0,5.0,46.0
159,377,2016-06-26 02:00:00,16,San Jose Earthquakes,32,4-4-2,1,1,0,1,99.0,92.0,7.0,63.0,9.0,1.0,0.0,7.0,15.0,48.0,LA Galaxy,26,4-4-1-1,1,1,0,1,110.0,99.0,0.0,43.0,16.0,3.0,3.0,6.0,8.0,52.0
160,378,2016-06-26 22:00:00,16,Portland Timbers,30,4-2-3-1,3,3,0,3,116.0,99.0,6.0,65.0,16.0,1.0,1.0,9.0,15.0,51.0,Houston Dynamo,38,4-1-4-1,2,0,2,0,102.0,96.0,5.0,49.0,11.0,0.0,2.0,6.0,14.0,49.0
161,379,2016-07-02 00:00:00,17,Chicago Fire,40,4-3-3,1,3,0,1,92.0,81.0,5.0,45.0,16.0,2.0,2.0,6.0,11.0,53.0,San Jose Earthquakes,32,4-4-2,0,0,0,0,79.0,79.0,3.0,36.0,12.0,0.0,3.0,2.0,5.0,47.0
162,380,2016-07-02 02:30:00,17,Real Salt Lake,23,4-3-3,1,1,0,1,64.0,60.0,7.0,32.0,9.0,0.0,2.0,6.0,12.0,55.0,DC United,33,4-1-4-1,1,1,0,1,52.0,57.0,4.0,19.0,14.0,1.0,2.0,2.0,6.0,45.0
163,381,2016-07-02 21:30:00,17,Montreal Impact,29,4-2-3-1,3,3,1,2,127.0,119.0,4.0,52.0,12.0,1.0,0.0,5.0,6.0,52.0,New England Revolution,36,4-2-3-1,2,0,2,0,113.0,94.0,7.0,69.0,10.0,1.0,2.0,4.0,9.0,48.0
164,382,2016-07-02 23:30:00,17,Toronto FC,34,4-4-2,1,1,0,1,96.0,90.0,3.0,58.0,12.0,2.0,2.0,2.0,9.0,55.0,Seattle Sounders,37,4-3-3,1,1,0,1,76.0,92.0,8.0,47.0,9.0,0.0,0.0,1.0,4.0,45.0
165,383,2016-07-03 01:00:00,17,Houston Dynamo,38,4-1-4-1,1,3,0,1,100.0,84.0,8.0,47.0,6.0,2.0,0.0,5.0,10.0,49.0,Philadelphia Union,25,4-2-3-1,0,0,0,0,76.0,82.0,3.0,33.0,9.0,4.0,2.0,1.0,3.0,51.0
166,384,2016-07-03 16:00:00,17,New York City FC,24,4-1-2-3,2,3,1,1,85.0,101.0,5.0,34.0,14.0,1.0,2.0,7.0,12.0,53.0,NY Red Bulls,31,4-2-3-1,0,0,0,0,121.0,103.0,10.0,55.0,14.0,2.0,3.0,6.0,9.0,47.0
167,385,2016-07-03 23:00:00,17,Sporting Kansas City,27,4-3-3,3,3,0,3,120.0,90.0,5.0,52.0,13.0,3.0,4.0,10.0,16.0,59.0,Columbus Crew,39,4-2-3-1,2,0,1,1,86.0,106.0,2.0,24.0,7.0,1.0,1.0,5.0,6.0,41.0
168,386,2016-07-05 01:00:00,18,FC Dallas,21,4-3-3,4,3,2,2,116.0,86.0,10.0,66.0,15.0,3.0,3.0,10.0,15.0,59.0,Orlando City SC,35,4-2-3-1,0,0,0,0,78.0,94.0,5.0,34.0,13.0,0.0,2.0,0.0,1.0,41.0
169,387,2016-07-05 01:00:00,18,Colorado Rapids,22,4-2-3-1,0,1,0,0,101.0,90.0,5.0,53.0,9.0,4.0,1.0,2.0,8.0,63.0,Portland Timbers,30,4-2-3-1,0,1,0,0,98.0,82.0,2.0,40.0,13.0,0.0,1.0,3.0,7.0,37.0
170,388,2016-07-05 02:30:00,18,LA Galaxy,26,4-2-3-1,2,3,1,1,102.0,106.0,3.0,42.0,9.0,0.0,0.0,5.0,9.0,51.0,Vancouver Whitecaps FC,28,4-2-3-1,0,0,0,0,127.0,87.0,12.0,82.0,8.0,4.0,1.0,4.0,11.0,49.0
171,389,2016-07-06 23:30:00,18,New England Revolution,36,4-2-3-1,0,0,0,0,106.0,79.0,11.0,47.0,9.0,2.0,1.0,3.0,11.0,55.0,New York City FC,24,4-3-3,1,3,0,1,89.0,112.0,3.0,33.0,7.0,1.0,0.0,6.0,11.0,45.0
172,390,2016-07-09 00:00:00,18,Orlando City SC,35,4-2-3-1,0,1,0,0,118.0,121.0,7.0,47.0,11.0,5.0,,2.0,6.0,55.0,Houston Dynamo,38,4-1-4-1,0,1,0,0,95.0,102.0,5.0,39.0,11.0,0.0,,5.0,12.0,45.0
173,391,2016-07-09 02:30:00,18,San Jose Earthquakes,32,4-4-2,0,0,0,0,108.0,97.0,8.0,44.0,16.0,0.0,2.0,3.0,6.0,52.0,FC Dallas,21,4-2-3-1,1,3,0,1,95.0,95.0,4.0,30.0,20.0,3.0,3.0,5.0,6.0,48.0
174,396,2016-07-10 02:00:00,18,Real Salt Lake,23,4-3-3,1,1,0,1,114.0,99.0,7.0,52.0,12.0,2.0,3.0,5.0,9.0,47.0,Montreal Impact,29,4-2-3-1,1,1,1,0,78.0,80.0,3.0,32.0,9.0,3.0,1.0,4.0,9.0,53.0
175,397,2016-07-10 02:00:00,18,Vancouver Whitecaps FC,28,4-4-1-1,2,1,1,1,95.0,84.0,3.0,45.0,9.0,0.0,0.0,7.0,11.0,45.0,Colorado Rapids,22,4-2-3-1,2,1,0,2,103.0,95.0,4.0,59.0,10.0,1.0,3.0,9.0,15.0,55.0
176,398,2016-07-10 22:00:00,18,NY Red Bulls,31,4-2-3-1,0,1,0,0,135.0,100.0,7.0,85.0,19.0,0.0,1.0,4.0,13.0,62.0,Portland Timbers,30,4-2-3-1,0,1,0,0,101.0,108.0,1.0,50.0,12.0,2.0,2.0,5.0,7.0,38.0
177,399,2016-07-11 00:00:00,18,Sporting Kansas City,27,4-3-3,3,3,2,1,147.0,106.0,9.0,86.0,15.0,1.0,0.0,10.0,18.0,65.0,New York City FC,24,4-3-3,1,0,1,0,81.0,100.0,1.0,31.0,11.0,4.0,1.0,3.0,4.0,35.0
178,400,2016-07-13 23:00:00,19,Columbus Crew,39,4-2-3-1,1,1,0,1,97.0,86.0,7.0,77.0,7.0,4.0,0.0,4.0,10.0,60.0,Toronto FC,34,4-4-2,1,1,0,1,71.0,94.0,5.0,28.0,9.0,1.0,1.0,2.0,7.0,40.0
179,401,2016-07-13 23:30:00,19,NY Red Bulls,31,4-2-3-1,2,3,1,1,93.0,71.0,5.0,48.0,15.0,3.0,1.0,6.0,9.0,53.0,Orlando City SC,35,4-2-3-1,0,0,0,0,76.0,98.0,1.0,27.0,23.0,3.0,3.0,3.0,4.0,47.0
180,402,2016-07-14 02:00:00,19,Chicago Fire,40,4-2-3-1,1,3,1,0,84.0,91.0,2.0,21.0,17.0,7.0,3.0,2.0,3.0,34.0,Sporting Kansas City,27,4-3-3,0,0,0,0,121.0,92.0,8.0,47.0,16.0,1.0,3.0,5.0,10.0,66.0
181,403,2016-07-14 02:30:00,19,Portland Timbers,30,4-4-2,1,1,1,0,103.0,93.0,6.0,46.0,9.0,1.0,1.0,8.0,11.0,51.0,Montreal Impact,29,4-2-3-1,1,1,1,0,109.0,106.0,4.0,29.0,10.0,2.0,3.0,6.0,9.0,49.0
182,404,2016-07-14 02:30:00,19,Vancouver Whitecaps FC,28,4-2-3-1,2,3,2,0,91.0,86.0,1.0,39.0,18.0,5.0,3.0,3.0,5.0,52.0,Real Salt Lake,23,4-3-3,0,0,0,0,90.0,75.0,6.0,51.0,20.0,0.0,4.0,5.0,10.0,48.0
183,405,2016-07-14 02:30:00,19,Seattle Sounders,37,4-3-3,5,3,3,2,89.0,85.0,6.0,54.0,5.0,3.0,0.0,6.0,9.0,57.0,FC Dallas,21,4-2-3-1,0,0,0,0,66.0,75.0,1.0,27.0,9.0,1.0,1.0,0.0,1.0,43.0
184,406,2016-07-16 03:00:00,19,LA Galaxy,26,4-2-3-1,1,3,0,1,118.0,108.0,1.0,50.0,11.0,3.0,2.0,3.0,6.0,52.0,Houston Dynamo,38,4-1-4-1,0,0,0,0,106.0,103.0,4.0,42.0,9.0,1.0,1.0,4.0,9.0,48.0
185,407,2016-07-16 23:30:00,19,Columbus Crew,39,4-2-3-1,1,1,0,1,88.0,83.0,2.0,42.0,14.0,1.0,2.0,2.0,6.0,54.0,DC United,33,4-4-2,1,1,0,1,81.0,81.0,13.0,43.0,17.0,3.0,0.0,5.0,14.0,46.0
186,408,2016-07-17 01:00:00,19,Colorado Rapids,22,4-2-3-1,1,3,0,1,91.0,99.0,3.0,47.0,7.0,6.0,1.0,2.0,6.0,51.0,Sporting Kansas City,27,4-3-3,0,0,0,0,99.0,83.0,8.0,56.0,16.0,0.0,2.0,2.0,5.0,49.0
187,409,2016-07-17 01:00:00,19,FC Dallas,21,4-3-3,3,3,2,1,109.0,89.0,4.0,53.0,10.0,2.0,,9.0,15.0,55.0,Chicago Fire,40,4-4-2,1,0,0,1,93.0,101.0,5.0,37.0,7.0,1.0,,4.0,8.0,45.0
188,410,2016-07-17 02:00:00,19,Real Salt Lake,23,4-3-3,0,1,0,0,79.0,74.0,1.0,38.0,13.0,0.0,1.0,2.0,11.0,52.0,New England Revolution,36,4-2-3-1,0,1,0,0,86.0,74.0,6.0,45.0,17.0,3.0,3.0,2.0,8.0,48.0
189,411,2016-07-17 02:00:00,19,Vancouver Whitecaps FC,28,4-2-3-1,2,1,2,0,74.0,76.0,6.0,38.0,15.0,1.0,1.0,4.0,10.0,42.0,Orlando City SC,35,4-2-3-1,2,1,1,1,75.0,78.0,6.0,42.0,9.0,1.0,1.0,4.0,9.0,58.0
190,412,2016-07-17 02:30:00,19,San Jose Earthquakes,32,4-4-2,2,3,1,1,82.0,92.0,1.0,37.0,12.0,3.0,1.0,3.0,5.0,42.0,Toronto FC,34,4-4-2,1,0,1,0,115.0,82.0,7.0,78.0,5.0,1.0,0.0,5.0,12.0,58.0
191,413,2016-07-17 19:00:00,19,Portland Timbers,30,4-2-3-1,3,3,1,2,108.0,108.0,4.0,39.0,12.0,2.0,1.0,7.0,11.0,47.0,Seattle Sounders,37,4-3-3,1,0,0,1,98.0,91.0,12.0,57.0,9.0,1.0,2.0,5.0,11.0,53.0
192,414,2016-07-17 21:00:00,19,Montreal Impact,29,4-4-2,1,0,0,1,104.0,85.0,11.0,58.0,10.0,1.0,3.0,5.0,10.0,48.0,New York City FC,24,4-3-3,3,3,2,1,81.0,93.0,5.0,45.0,10.0,0.0,2.0,4.0,6.0,52.0
193,415,2016-07-17 23:00:00,19,Philadelphia Union,25,4-2-3-1,2,1,0,2,91.0,110.0,7.0,38.0,10.0,9.0,2.0,8.0,12.0,53.0,NY Red Bulls,31,4-2-3-1,2,1,2,0,110.0,95.0,4.0,42.0,16.0,1.0,2.0,5.0,7.0,47.0
194,430,2016-07-30 19:00:00,21,New York City FC,24,4-3-3,5,3,2,3,74.0,72.0,3.0,37.0,6.0,0.0,2.0,12.0,18.0,53.0,Colorado Rapids,22,4-2-3-1,1,0,0,1,79.0,67.0,5.0,32.0,16.0,1.0,2.0,2.0,7.0,47.0
195,431,2016-07-31 18:00:00,21,Sporting Kansas City,27,4-3-3,1,3,0,1,127.0,110.0,5.0,51.0,20.0,0.0,2.0,5.0,9.0,55.0,Portland Timbers,30,4-2-3-1,0,0,0,0,108.0,106.0,4.0,45.0,17.0,4.0,3.0,1.0,7.0,45.0
196,432,2016-07-31 20:00:00,21,Seattle Sounders,37,4-2-3-1,1,1,0,1,120.0,99.0,2.0,63.0,13.0,3.0,0.0,7.0,13.0,57.0,LA Galaxy,26,4-2-3-1,1,1,0,1,100.0,105.0,3.0,43.0,12.0,4.0,2.0,2.0,5.0,43.0
197,433,2016-07-31 22:00:00,21,FC Dallas,21,4-2-3-1,2,3,0,2,92.0,72.0,3.0,65.0,6.0,2.0,,2.0,11.0,65.0,Vancouver Whitecaps FC,28,4-2-3-1,0,0,0,0,58.0,71.0,1.0,24.0,5.0,1.0,,1.0,4.0,35.0
198,434,2016-07-31 22:30:00,21,DC United,33,4-1-4-1,1,1,1,0,122.0,104.0,4.0,63.0,20.0,0.0,2.0,2.0,9.0,48.0,Montreal Impact,29,4-2-3-1,1,1,0,1,95.0,111.0,3.0,46.0,10.0,4.0,2.0,2.0,7.0,52.0
199,435,2016-07-31 23:00:00,21,Philadelphia Union,25,4-2-3-1,1,0,1,0,92.0,71.0,10.0,58.0,14.0,1.0,2.0,4.0,8.0,52.0,Real Salt Lake,23,4-3-3,2,3,0,2,73.0,86.0,3.0,39.0,16.0,0.0,2.0,6.0,11.0,48.0
200,436,2016-07-31 23:00:00,21,Chicago Fire,40,4-2-3-1,2,1,2,0,84.0,98.0,1.0,34.0,20.0,5.0,2.0,4.0,6.0,41.0,NY Red Bulls,31,4-2-3-1,2,1,1,1,113.0,92.0,10.0,50.0,9.0,1.0,3.0,3.0,6.0,59.0
201,437,2016-07-31 23:30:00,21,Toronto FC,34,4-3-1-2,3,3,2,1,84.0,91.0,3.0,47.0,10.0,1.0,0.0,6.0,10.0,49.0,Columbus Crew,39,4-2-3-1,0,0,0,0,98.0,84.0,3.0,63.0,10.0,2.0,2.0,4.0,9.0,51.0
202,438,2016-07-31 23:30:00,21,Orlando City SC,35,4-2-3-1,3,3,0,3,97.0,92.0,5.0,43.0,13.0,,1.0,5.0,11.0,56.0,New England Revolution,36,4-2-3-1,1,0,1,0,93.0,81.0,2.0,31.0,15.0,,1.0,3.0,7.0,44.0
203,439,2016-08-01 01:00:00,21,Houston Dynamo,38,4-1-4-1,1,1,1,0,96.0,92.0,8.0,54.0,11.0,2.0,2.0,5.0,10.0,56.0,San Jose Earthquakes,32,4-4-2,1,1,0,1,76.0,92.0,5.0,38.0,12.0,3.0,1.0,3.0,12.0,44.0
204,440,2016-08-03 23:00:00,22,Toronto FC,34,4-1-3-2,1,3,0,1,88.0,89.0,3.0,53.0,8.0,4.0,0.0,1.0,8.0,60.0,Real Salt Lake,23,4-3-3,0,0,0,0,100.0,93.0,2.0,52.0,8.0,4.0,1.0,2.0,7.0,40.0
205,441,2016-08-06 03:00:00,22,San Jose Earthquakes,32,4-4-2,0,1,0,0,94.0,79.0,9.0,51.0,6.0,3.0,,3.0,11.0,55.0,New York City FC,24,4-3-3,0,1,0,0,85.0,94.0,3.0,39.0,17.0,0.0,,3.0,8.0,45.0
206,442,2016-08-06 23:00:00,22,DC United,33,4-1-4-1,2,1,1,1,82.0,88.0,6.0,35.0,13.0,2.0,1.0,4.0,8.0,55.0,Philadelphia Union,25,4-2-3-1,2,1,1,1,81.0,77.0,5.0,29.0,8.0,3.0,2.0,4.0,8.0,45.0
207,443,2016-08-06 23:30:00,22,Montreal Impact,29,4-1-4-1,1,3,0,1,96.0,95.0,6.0,58.0,6.0,1.0,1.0,4.0,17.0,55.0,Houston Dynamo,38,4-1-4-1,0,0,0,0,87.0,89.0,4.0,51.0,15.0,0.0,2.0,5.0,8.0,45.0
208,444,2016-08-06 23:30:00,22,Toronto FC,34,3-5-2,4,3,2,2,65.0,77.0,5.0,41.0,6.0,1.0,0.0,8.0,10.0,54.0,New England Revolution,36,4-2-3-1,1,0,0,1,66.0,73.0,4.0,38.0,12.0,4.0,1.0,3.0,6.0,46.0
209,445,2016-08-07 01:00:00,22,Colorado Rapids,22,4-2-3-1,2,3,1,1,101.0,86.0,5.0,39.0,11.0,1.0,0.0,7.0,14.0,49.0,Vancouver Whitecaps FC,28,4-2-3-1,0,0,0,0,88.0,99.0,3.0,26.0,11.0,0.0,3.0,3.0,8.0,51.0
210,446,2016-08-07 02:00:00,22,Real Salt Lake,23,4-3-3,3,3,2,1,68.0,81.0,4.0,42.0,11.0,1.0,1.0,7.0,10.0,52.0,Chicago Fire,40,4-4-2,1,0,0,1,70.0,68.0,8.0,47.0,8.0,3.0,1.0,4.0,7.0,48.0
211,447,2016-08-07 20:00:00,22,Portland Timbers,30,4-4-2,3,3,0,3,90.0,102.0,0.0,38.0,14.0,2.0,0.0,4.0,6.0,28.0,Sporting Kansas City,27,4-3-3,0,0,0,0,155.0,94.0,13.0,101.0,12.0,0.0,2.0,3.0,8.0,72.0
212,448,2016-08-07 23:00:00,22,Orlando City SC,35,4-2-3-1,1,0,1,0,112.0,96.0,4.0,57.0,14.0,0.0,3.0,3.0,10.0,54.0,Seattle Sounders,37,4-2-3-1,3,3,2,1,108.0,99.0,3.0,45.0,17.0,3.0,4.0,4.0,7.0,46.0
213,449,2016-08-08 01:30:00,22,LA Galaxy,26,4-2-3-1,2,1,0,2,113.0,101.0,3.0,49.0,6.0,3.0,1.0,4.0,6.0,57.0,NY Red Bulls,31,4-2-3-1,2,1,0,2,101.0,97.0,5.0,40.0,13.0,4.0,2.0,6.0,10.0,43.0
214,450,2016-08-13 03:00:00,23,Vancouver Whitecaps FC,28,4-2-3-1,1,0,0,1,83.0,69.0,11.0,55.0,17.0,0.0,0.0,4.0,9.0,54.0,San Jose Earthquakes,32,4-4-2,2,3,1,1,84.0,81.0,6.0,31.0,18.0,1.0,1.0,6.0,8.0,46.0
215,451,2016-08-13 23:00:00,23,NY Red Bulls,31,4-2-3-1,3,3,2,1,94.0,86.0,9.0,50.0,13.0,3.0,2.0,7.0,13.0,56.0,Montreal Impact,29,4-1-2-3,1,0,1,0,94.0,97.0,3.0,38.0,13.0,5.0,2.0,5.0,6.0,44.0
216,452,2016-08-13 23:00:00,23,DC United,33,4-1-4-1,2,3,2,0,77.0,77.0,7.0,43.0,14.0,4.0,2.0,7.0,12.0,55.0,Portland Timbers,30,4-4-2,0,0,0,0,78.0,80.0,4.0,38.0,10.0,0.0,3.0,3.0,10.0,45.0
217,453,2016-08-13 23:30:00,23,New England Revolution,36,4-2-3-1,0,0,0,0,92.0,91.0,9.0,54.0,14.0,,2.0,6.0,13.0,49.0,Philadelphia Union,25,4-2-3-1,4,3,1,3,92.0,94.0,3.0,48.0,10.0,,1.0,7.0,13.0,51.0
218,454,2016-08-13 23:30:00,23,Columbus Crew,39,4-2-3-1,3,1,0,3,107.0,89.0,8.0,48.0,6.0,5.0,1.0,5.0,12.0,58.0,New York City FC,24,4-3-3,3,1,1,2,73.0,79.0,2.0,29.0,14.0,1.0,0.0,6.0,8.0,42.0
219,455,2016-08-14 01:00:00,23,FC Dallas,21,4-2-3-1,2,1,0,2,68.0,71.0,5.0,37.0,10.0,1.0,2.0,6.0,13.0,55.0,Sporting Kansas City,27,4-3-3,2,1,0,2,89.0,82.0,6.0,37.0,7.0,1.0,2.0,3.0,7.0,45.0
220,456,2016-08-14 01:00:00,23,Houston Dynamo,38,4-1-4-1,1,1,1,0,61.0,81.0,4.0,36.0,8.0,0.0,0.0,5.0,11.0,39.0,Toronto FC,34,3-5-2,1,1,1,0,79.0,63.0,7.0,63.0,9.0,3.0,1.0,5.0,9.0,61.0
221,457,2016-08-14 02:30:00,23,LA Galaxy,26,4-2-3-1,1,1,0,1,126.0,103.0,10.0,56.0,10.0,,1.0,8.0,16.0,52.0,Colorado Rapids,22,4-2-3-1,1,1,0,1,97.0,91.0,1.0,42.0,11.0,,1.0,2.0,5.0,48.0
222,458,2016-08-14 20:00:00,23,Chicago Fire,40,4-4-2,2,1,1,1,114.0,94.0,7.0,62.0,14.0,3.0,1.0,8.0,16.0,44.0,Orlando City SC,35,4-2-3-1,2,1,2,0,103.0,98.0,5.0,58.0,15.0,0.0,2.0,7.0,18.0,56.0
223,459,2016-08-14 23:00:00,23,Seattle Sounders,37,4-2-3-1,2,3,2,0,97.0,87.0,6.0,65.0,7.0,,0.0,5.0,13.0,55.0,Real Salt Lake,23,4-3-3,1,0,0,1,93.0,93.0,3.0,46.0,12.0,,1.0,4.0,7.0,45.0
224,460,2016-08-20 03:00:00,24,San Jose Earthquakes,32,4-4-2,1,0,0,1,99.0,77.0,12.0,58.0,12.0,0.0,2.0,5.0,13.0,58.0,Houston Dynamo,38,4-2-3-1,2,3,1,1,74.0,84.0,3.0,34.0,22.0,1.0,3.0,4.0,5.0,42.0
225,461,2016-08-20 19:30:00,24,New York City FC,24,4-3-3,1,3,1,0,90.0,105.0,5.0,42.0,10.0,2.0,0.0,7.0,12.0,46.0,LA Galaxy,26,4-2-3-1,0,0,0,0,142.0,108.0,5.0,73.0,11.0,3.0,1.0,1.0,10.0,54.0
226,462,2016-08-20 23:00:00,24,Philadelphia Union,25,4-2-3-1,1,0,1,0,96.0,72.0,8.0,55.0,17.0,,2.0,4.0,8.0,45.0,Toronto FC,34,4-4-2,3,3,3,0,79.0,82.0,5.0,35.0,11.0,,4.0,5.0,7.0,55.0
227,463,2016-08-20 23:30:00,24,Montreal Impact,29,4-3-3,0,0,0,0,127.0,101.0,7.0,60.0,9.0,3.0,2.0,5.0,8.0,54.0,Chicago Fire,40,4-2-3-1,3,3,1,2,103.0,105.0,1.0,39.0,13.0,2.0,1.0,5.0,9.0,46.0
228,464,2016-08-20 23:30:00,24,New England Revolution,36,4-2-3-1,0,0,0,0,85.0,71.0,8.0,56.0,15.0,2.0,3.0,4.0,11.0,44.0,Columbus Crew,39,4-2-3-1,2,3,1,1,71.0,92.0,2.0,46.0,12.0,5.0,1.0,7.0,11.0,56.0
229,465,2016-08-21 01:00:00,24,Colorado Rapids,22,4-2-3-1,0,1,0,0,77.0,75.0,8.0,32.0,14.0,1.0,1.0,1.0,8.0,55.0,Orlando City SC,35,4-2-3-1,0,1,0,0,80.0,85.0,3.0,20.0,11.0,0.0,3.0,2.0,6.0,45.0
230,466,2016-08-21 02:00:00,24,Real Salt Lake,23,4-3-3,1,3,0,1,69.0,73.0,9.0,44.0,14.0,1.0,3.0,4.0,7.0,60.0,FC Dallas,21,4-2-3-1,0,0,0,0,44.0,69.0,4.0,39.0,15.0,3.0,2.0,2.0,9.0,40.0
231,467,2016-08-21 02:00:00,24,Sporting Kansas City,27,4-3-3,2,3,1,1,98.0,83.0,8.0,55.0,12.0,1.0,3.0,4.0,11.0,54.0,Vancouver Whitecaps FC,28,4-2-3-1,0,0,0,0,71.0,75.0,5.0,38.0,14.0,1.0,0.0,2.0,6.0,46.0
232,468,2016-08-21 19:00:00,24,DC United,33,4-1-4-1,2,1,0,2,123.0,114.0,8.0,66.0,20.0,9.0,2.0,9.0,16.0,52.0,NY Red Bulls,31,4-2-3-1,2,1,1,1,108.0,103.0,3.0,52.0,15.0,1.0,1.0,5.0,10.0,48.0
233,469,2016-08-22 01:30:00,24,Seattle Sounders,37,4-2-3-1,3,3,0,3,88.0,64.0,6.0,43.0,8.0,1.0,3.0,7.0,14.0,55.0,Portland Timbers,30,4-2-3-1,1,0,0,1,72.0,72.0,3.0,33.0,13.0,0.0,1.0,6.0,13.0,45.0
234,470,2016-08-24 23:30:00,25,Orlando City SC,35,4-2-3-1,1,0,0,1,97.0,83.0,1.0,61.0,11.0,1.0,2.0,6.0,10.0,49.0,Toronto FC,34,3-5-2,2,3,1,1,83.0,93.0,7.0,40.0,10.0,4.0,1.0,8.0,11.0,51.0
235,471,2016-08-24 23:30:00,25,Columbus Crew,39,4-2-3-1,1,0,0,1,83.0,92.0,4.0,49.0,10.0,0.0,0.0,3.0,9.0,44.0,Philadelphia Union,25,4-2-3-1,2,3,0,2,83.0,87.0,3.0,32.0,11.0,1.0,1.0,5.0,8.0,56.0
236,472,2016-08-24 23:30:00,25,Montreal Impact,29,4-2-3-1,1,1,0,1,84.0,80.0,9.0,33.0,16.0,3.0,1.0,5.0,12.0,58.0,DC United,33,4-1-4-1,1,1,1,0,61.0,73.0,5.0,16.0,17.0,0.0,3.0,2.0,5.0,42.0
237,473,2016-08-25 00:30:00,25,Chicago Fire,40,4-2-3-1,2,1,2,0,99.0,99.0,2.0,34.0,15.0,2.0,1.0,7.0,13.0,51.0,LA Galaxy,26,4-2-3-1,2,1,1,1,109.0,94.0,1.0,40.0,13.0,3.0,3.0,3.0,7.0,49.0
238,474,2016-08-25 01:00:00,25,Houston Dynamo,38,4-2-3-1,1,1,0,1,71.0,60.0,3.0,37.0,8.0,0.0,0.0,5.0,14.0,59.0,Seattle Sounders,37,4-2-3-1,1,1,0,1,68.0,77.0,3.0,36.0,9.0,2.0,1.0,1.0,2.0,41.0
239,475,2016-08-25 02:30:00,25,San Jose Earthquakes,32,4-4-2,0,1,0,0,85.0,73.0,4.0,42.0,13.0,1.0,3.0,4.0,9.0,51.0,New England Revolution,36,4-2-3-1,0,1,0,0,82.0,81.0,5.0,31.0,15.0,0.0,2.0,3.0,13.0,49.0
240,476,2016-08-27 00:00:00,25,Real Salt Lake,23,4-3-3,2,3,1,1,89.0,80.0,7.0,52.0,9.0,0.0,0.0,4.0,9.0,45.0,Colorado Rapids,22,4-2-3-1,1,0,1,0,75.0,97.0,3.0,36.0,10.0,2.0,3.0,6.0,6.0,55.0
241,477,2016-08-27 23:00:00,25,Philadelphia Union,25,4-2-3-1,2,3,0,2,85.0,82.0,4.0,40.0,17.0,0.0,2.0,9.0,13.0,53.0,Sporting Kansas City,27,4-3-3,0,0,0,0,82.0,91.0,4.0,33.0,10.0,1.0,2.0,3.0,8.0,47.0
242,479,2016-08-27 23:30:00,25,Columbus Crew,39,4-2-3-1,2,3,1,1,89.0,95.0,9.0,59.0,8.0,2.0,0.0,5.0,13.0,53.0,San Jose Earthquakes,32,4-4-2,0,0,0,0,84.0,93.0,2.0,43.0,8.0,2.0,1.0,2.0,6.0,47.0
243,478,2016-08-27 23:00:00,25,DC United,33,4-1-4-1,6,3,3,3,105.0,91.0,9.0,47.0,19.0,4.0,1.0,10.0,15.0,60.0,Chicago Fire,40,4-2-3-1,2,0,2,0,83.0,84.0,0.0,38.0,11.0,1.0,2.0,5.0,10.0,40.0
244,480,2016-08-27 23:30:00,25,Toronto FC,34,4-4-2,0,0,0,0,127.0,103.0,11.0,99.0,10.0,2.0,3.0,4.0,9.0,55.0,Montreal Impact,29,4-2-3-1,1,3,0,1,102.0,119.0,1.0,40.0,12.0,1.0,3.0,2.0,7.0,45.0
245,481,2016-08-28 01:00:00,25,Houston Dynamo,38,4-1-4-1,1,0,1,0,93.0,80.0,7.0,42.0,8.0,1.0,1.0,4.0,10.0,60.0,FC Dallas,21,4-2-3-1,3,3,0,3,76.0,79.0,2.0,41.0,11.0,2.0,0.0,5.0,8.0,40.0
246,482,2016-08-28 02:30:00,25,LA Galaxy,26,4-2-3-1,0,1,0,0,139.0,102.0,8.0,85.0,6.0,1.0,1.0,3.0,9.0,54.0,Vancouver Whitecaps FC,28,4-4-2,0,1,0,0,85.0,97.0,5.0,48.0,15.0,4.0,1.0,3.0,9.0,46.0
247,483,2016-08-28 18:30:00,25,NY Red Bulls,31,4-2-3-1,1,3,0,1,107.0,92.0,3.0,61.0,15.0,1.0,2.0,5.0,9.0,57.0,New England Revolution,36,4-2-3-1,0,0,0,0,117.0,112.0,3.0,55.0,17.0,3.0,3.0,2.0,8.0,43.0
248,484,2016-08-28 21:00:00,25,Portland Timbers,30,4-2-3-1,4,3,4,0,125.0,110.0,3.0,67.0,13.0,1.0,0.0,8.0,13.0,49.0,Seattle Sounders,37,4-2-3-1,2,0,0,2,90.0,83.0,1.0,64.0,15.0,1.0,4.0,3.0,9.0,51.0
249,485,2016-08-28 23:00:00,25,Orlando City SC,35,4-2-3-1,2,3,1,1,118.0,99.0,4.0,49.0,16.0,0.0,1.0,3.0,6.0,51.0,New York City FC,24,4-3-3,1,0,0,1,96.0,93.0,8.0,62.0,11.0,1.0,2.0,3.0,6.0,49.0
250,486,2016-09-01 23:00:00,26,New York City FC,24,4-3-3,3,3,0,3,103.0,104.0,8.0,49.0,15.0,2.0,0.0,7.0,12.0,67.0,DC United,33,4-1-4-1,2,0,1,1,108.0,101.0,2.0,40.0,9.0,5.0,2.0,7.0,16.0,33.0
251,487,2016-09-03 23:00:00,26,Vancouver Whitecaps FC,28,4-2-3-1,0,0,0,0,107.0,89.0,6.0,58.0,21.0,1.0,2.0,1.0,9.0,48.0,NY Red Bulls,31,4-2-3-1,1,3,0,1,96.0,88.0,4.0,64.0,12.0,1.0,2.0,5.0,10.0,52.0
252,488,2016-09-03 23:30:00,26,New England Revolution,36,4-2-3-1,2,3,1,1,147.0,122.0,5.0,63.0,8.0,0.0,0.0,4.0,9.0,52.0,Colorado Rapids,22,4-2-3-1,0,0,0,0,110.0,92.0,5.0,60.0,13.0,1.0,4.0,3.0,10.0,48.0
253,489,2016-09-04 00:30:00,26,Chicago Fire,40,4-2-3-1,3,3,1,2,97.0,106.0,3.0,30.0,15.0,3.0,3.0,5.0,9.0,54.0,Philadelphia Union,25,4-2-3-1,0,0,0,0,112.0,94.0,5.0,43.0,9.0,1.0,0.0,4.0,10.0,46.0
254,490,2016-09-04 01:00:00,26,FC Dallas,21,4-2-3-1,3,3,2,1,72.0,63.0,4.0,45.0,12.0,2.0,3.0,9.0,13.0,53.0,Portland Timbers,30,4-2-3-1,1,0,0,1,69.0,65.0,6.0,43.0,20.0,3.0,3.0,1.0,5.0,47.0
255,491,2016-09-04 02:30:00,26,LA Galaxy,26,4-4-2,2,3,0,2,112.0,107.0,8.0,54.0,7.0,0.0,,7.0,10.0,49.0,Columbus Crew,39,4-2-3-1,1,0,0,1,109.0,102.0,6.0,72.0,5.0,3.0,,6.0,11.0,51.0
