,match_id,team_id,team_name,opp_id,opp_name,scheduled,round,games_played,is_home,current_formation,current_record,opp_record,goals_for,opp_goals_for,goals_against,opp_goals_against,rpi,goals,points,current_team_possession,current_team_yellow_cards,current_team_goal_attempts,current_team_dangerous_attacks,current_team_sec_half_goals,current_team_saves,current_team_corner_kicks,current_team_ball_safe,current_team_first_half_goals,current_team_shots_on_target,current_team_attacks,current_team_goal_attempts_allowed,current_team_goal_kicks,current_team_shots_total,opp_team_possession,opp_team_yellow_cards,opp_team_goal_attempts,opp_team_dangerous_attacks,opp_team_sec_half_goals,opp_team_saves,opp_team_corner_kicks,opp_team_ball_safe,opp_team_first_half_goals,opp_team_shots_on_target,opp_team_attacks,opp_team_goal_attempts_allowed,opp_team_goal_kicks,opp_team_shots_total,offensive_ranking,opp_defensive_ranking,rpi_ranking,opp_rpi_ranking
0,79.0,41,Southampton FC,53.0,Burnley FC,2016-10-16 15:00:00,8,3.0,1,4-3-3,0.8333333333333334,0.28571428571428575,4,2,0,4,0.5952380952380953,0,0,173.0,3.0,36.0,147.0,3,5.0,15.0,309.0,1,20.0,339.0,19.0,30.0,36.0,113.0,,19.0,89.0,1,7.0,10.0,297.0,1,8.0,293.0,26.0,28.0,19.0,0.66666,1.0,1.0,1.0
1,72.0,42,Manchester City,44.0,Everton FC,2016-10-15 14:00:00,8,3.0,1,4-3-3,0.7142857142857143,0.5,7,4,3,3,0.7637987012987013,0,0,172.0,7.0,37.0,152.0,4,13.0,15.0,286.0,3,23.0,310.0,28.0,19.0,37.0,157.0,9.0,25.0,136.0,0,2.0,19.0,293.0,4,11.0,312.0,15.0,17.0,25.0,1.0,1.0,1.0,1.0
2,75.0,43,Arsenal FC,45.0,Swansea City,2016-10-15 14:00:00,8,3.0,1,4-2-3-1,1.0,0.0,8,2,1,6,0.5654761904761905,0,0,179.0,,33.0,174.0,4,4.0,19.0,274.0,4,16.0,322.0,17.0,16.0,33.0,112.0,5.0,26.0,109.0,0,8.0,6.0,280.0,2,11.0,261.0,34.0,35.0,26.0,1.0,0.33333,0.66666,0.66666
3,72.0,44,Everton FC,42.0,Manchester City,2016-10-15 14:00:00,8,3.0,0,4-3-3,0.5,0.7142857142857143,4,7,3,3,0.625,0,0,157.0,9.0,25.0,136.0,0,2.0,19.0,293.0,4,11.0,312.0,15.0,17.0,25.0,172.0,7.0,37.0,152.0,4,13.0,15.0,286.0,3,23.0,310.0,28.0,19.0,37.0,0.33333,0.0,1.0,1.0
4,75.0,45,Swansea City,43.0,Arsenal FC,2016-10-15 14:00:00,8,3.0,0,4-2-3-1,0.0,1.0,2,8,6,1,0.53125,0,0,112.0,5.0,26.0,109.0,0,8.0,6.0,280.0,2,11.0,261.0,34.0,35.0,26.0,179.0,,33.0,174.0,4,4.0,19.0,274.0,4,16.0,322.0,17.0,16.0,33.0,0.33333,0.66666,0.66666,0.66666
5,74.0,46,West Bromwich Albion,54.0,Tottenham Hotspur,2016-10-15 14:00:00,8,3.0,1,4-4-1-1,0.6428571428571429,1.0,6,5,4,1,0.4504429678848284,0,0,143.0,9.0,27.0,162.0,2,4.0,13.0,263.0,4,16.0,248.0,22.0,27.0,27.0,183.0,4.0,44.0,155.0,1,9.0,28.0,314.0,4,23.0,360.0,19.0,22.0,44.0,0.66666,0.0,0.33333,1.0
6,77.0,47,West Ham United,59.0,Crystal Palace,2016-10-15 16:30:00,8,3.0,0,4-3-3,0.16666666666666666,0.8333333333333334,3,8,8,4,0.2619047619047619,0,0,140.0,8.0,30.0,151.0,3,11.0,16.0,261.0,0,8.0,283.0,27.0,17.0,30.0,155.0,8.0,23.0,125.0,6,5.0,24.0,291.0,2,15.0,262.0,25.0,26.0,23.0,0.33333,0.66666,0.0,0.66666
7,71.0,48,Chelsea FC,52.0,Leicester City,2016-10-15 11:30:00,8,3.0,1,4-2-3-1,0.37499999999999994,0.5,3,4,5,4,0.2916666666666667,0,0,164.0,5.0,30.0,169.0,3,6.0,14.0,278.0,0,13.0,319.0,19.0,15.0,30.0,143.0,3.0,21.0,140.0,3,10.0,16.0,285.0,1,11.0,313.0,32.0,26.0,21.0,0.33333,1.0,0.0,0.66666
8,76.0,49,Stoke City,60.0,Sunderland AFC,2016-10-15 14:00:00,8,3.0,1,4-3-3,0.35714285714285715,0.16666666666666666,3,3,6,5,0.4517857142857143,0,0,130.0,4.0,22.0,133.0,3,13.0,13.0,264.0,0,11.0,270.0,30.0,28.0,22.0,129.0,7.0,16.0,142.0,2,18.0,10.0,252.0,1,6.0,236.0,47.0,37.0,16.0,0.0,1.0,0.33333,0.0
9,73.0,50,Hull City,55.0,Bournemouth AFC,2016-10-15 14:00:00,8,3.0,0,4-3-2-1,0.0,0.5,2,3,11,6,0.35416666666666663,0,0,96.0,4.0,11.0,76.0,2,18.0,9.0,294.0,0,6.0,246.0,51.0,36.0,11.0,139.0,7.0,25.0,148.0,1,15.0,15.0,255.0,2,10.0,249.0,32.0,25.0,25.0,0.0,0.33333,0.0,0.33333
10,78.0,51,Middlesbrough FC,57.0,Watford FC,2016-10-16 12:30:00,8,3.0,1,4-2-3-1,0.16666666666666666,0.5,3,5,6,5,0.26136363636363635,0,0,145.0,6.0,12.0,94.0,2,5.0,10.0,295.0,1,5.0,283.0,33.0,34.0,12.0,154.0,9.0,27.0,135.0,4,7.0,15.0,289.0,1,15.0,283.0,28.0,25.0,27.0,0.0,0.33333,0.0,0.66666
11,71.0,52,Leicester City,48.0,Chelsea FC,2016-10-15 11:30:00,8,3.0,0,4-4-2,0.5,0.37499999999999994,4,3,4,5,0.5928030303030304,0,0,143.0,3.0,21.0,140.0,3,10.0,16.0,285.0,1,11.0,313.0,32.0,26.0,21.0,164.0,5.0,30.0,169.0,3,6.0,14.0,278.0,0,13.0,319.0,19.0,15.0,30.0,0.33333,0.0,0.66666,0.0
12,79.0,53,Burnley FC,41.0,Southampton FC,2016-10-16 15:00:00,8,3.0,0,4-3-2-1,0.28571428571428575,0.8333333333333334,2,4,4,0,0.6257763975155279,0,0,113.0,,19.0,89.0,1,7.0,10.0,297.0,1,8.0,293.0,26.0,28.0,19.0,173.0,3.0,36.0,147.0,3,5.0,15.0,309.0,1,20.0,339.0,19.0,30.0,36.0,0.0,0.66666,1.0,1.0
13,74.0,54,Tottenham Hotspur,46.0,West Bromwich Albion,2016-10-15 14:00:00,8,3.0,0,4-2-3-1,1.0,0.6428571428571429,5,6,1,4,0.7263289036544851,0,0,183.0,4.0,44.0,155.0,1,9.0,28.0,314.0,4,23.0,360.0,19.0,22.0,44.0,143.0,9.0,27.0,162.0,2,4.0,13.0,263.0,4,16.0,248.0,22.0,27.0,27.0,1.0,0.66666,1.0,0.33333
14,73.0,55,Bournemouth AFC,50.0,Hull City,2016-10-15 14:00:00,8,3.0,1,4-2-3-1,0.5,0.0,3,2,6,11,0.48125,0,0,139.0,7.0,25.0,148.0,1,15.0,15.0,255.0,2,10.0,249.0,32.0,25.0,25.0,96.0,4.0,11.0,76.0,2,18.0,9.0,294.0,0,6.0,246.0,51.0,36.0,11.0,0.33333,0.33333,0.33333,0.0
15,80.0,56,Liverpool FC,58.0,Manchester United,2016-10-17 19:00:00,8,3.0,1,4-3-3,1.0,0.5,9,6,3,5,0.4638888888888889,0,0,185.0,4.0,34.0,219.0,4,3.0,27.0,249.0,5,21.0,344.0,15.0,17.0,34.0,188.0,7.0,41.0,165.0,2,7.0,28.0,288.0,4,17.0,318.0,20.0,12.0,41.0,1.0,0.0,0.33333,0.33333
16,78.0,57,Watford FC,51.0,Middlesbrough FC,2016-10-16 12:30:00,8,3.0,0,4-1-4-1,0.5,0.16666666666666666,5,3,5,6,0.51875,0,0,154.0,9.0,27.0,135.0,4,7.0,15.0,289.0,1,15.0,283.0,28.0,25.0,27.0,145.0,6.0,12.0,94.0,2,5.0,10.0,295.0,1,5.0,283.0,33.0,34.0,12.0,0.66666,1.0,0.66666,0.0
17,80.0,58,Manchester United,56.0,Liverpool FC,2016-10-17 19:00:00,8,3.0,0,4-2-3-1,0.5,1.0,6,9,5,3,0.47023809523809523,0,0,188.0,7.0,41.0,165.0,2,7.0,28.0,288.0,4,17.0,318.0,20.0,12.0,41.0,185.0,4.0,34.0,219.0,4,3.0,27.0,249.0,5,21.0,344.0,15.0,17.0,34.0,1.0,0.33333,0.33333,0.33333
18,77.0,59,Crystal Palace,47.0,West Ham United,2016-10-15 16:30:00,8,3.0,1,4-2-3-1,0.8333333333333334,0.16666666666666666,8,3,4,8,0.5833333333333334,0,0,155.0,8.0,23.0,125.0,6,5.0,24.0,291.0,2,15.0,262.0,25.0,26.0,23.0,140.0,8.0,30.0,151.0,3,11.0,16.0,261.0,0,8.0,283.0,27.0,17.0,30.0,0.66666,0.0,0.66666,0.0
19,76.0,60,Sunderland AFC,49.0,Stoke City,2016-10-15 14:00:00,8,3.0,0,4-1-4-1,0.16666666666666666,0.35714285714285715,3,3,5,6,0.41991341991341996,0,0,129.0,7.0,16.0,142.0,2,18.0,10.0,252.0,1,6.0,236.0,47.0,37.0,16.0,130.0,4.0,22.0,133.0,3,13.0,13.0,264.0,0,11.0,270.0,30.0,28.0,22.0,0.0,0.66666,0.0,0.33333
20,59.0,61,1899 Hoffenheim,64.0,SC Freiburg,2016-10-15 13:30:00,7,3.0,1,4-3-3,0.8333333333333334,0.3333333333333333,4,2,2,6,0.40476190476190477,0,0,156.0,5.0,38.0,137.0,0,19.0,10.0,344.0,4,14.0,333.0,36.0,31.0,38.0,144.0,8.0,23.0,120.0,1,5.0,18.0,239.0,1,14.0,264.0,30.0,29.0,23.0,1.0,0.33333,0.0,0.66666
21,57.0,62,FC Schalke 04,68.0,FC Augsburg,2016-10-15 13:30:00,7,3.0,0,4-2-3-1,0.3333333333333333,0.28571428571428575,5,3,4,5,0.483974358974359,0,0,144.0,,28.0,142.0,4,4.0,15.0,303.0,1,17.0,326.0,23.0,26.0,28.0,150.0,6.0,25.0,144.0,2,10.0,8.0,299.0,1,12.0,297.0,26.0,23.0,25.0,0.66666,0.66666,0.66666,1.0
22,55.0,63,Hertha BSC,67.0,Borussia Dortmund,2016-10-14 18:30:00,7,3.0,0,4-2-3-1,0.8076923076923077,0.6666666666666666,7,9,3,3,0.4083184257602862,0,0,152.0,5.0,21.0,115.0,5,6.0,12.0,297.0,2,10.0,319.0,22.0,25.0,21.0,199.0,3.0,42.0,207.0,7,9.0,36.0,264.0,2,24.0,342.0,21.0,13.0,42.0,0.66666,0.0,0.0,1.0
23,59.0,64,SC Freiburg,61.0,1899 Hoffenheim,2016-10-15 13:30:00,7,3.0,0,4-1-3-2,0.3333333333333333,0.8333333333333334,2,4,6,2,0.49038461538461536,0,0,144.0,8.0,23.0,120.0,1,5.0,18.0,239.0,1,14.0,264.0,30.0,29.0,23.0,156.0,5.0,38.0,137.0,0,19.0,10.0,344.0,4,14.0,333.0,36.0,31.0,38.0,0.0,0.0,0.66666,0.0
24,58.0,65,Hamburger SV,66.0,Monchengladbach,2016-10-15 13:30:00,7,3.0,0,4-2-3-1,0.0,0.6666666666666666,0,6,7,5,0.46787054409005635,0,0,137.0,13.0,19.0,120.0,0,14.0,14.0,244.0,0,5.0,262.0,30.0,23.0,19.0,174.0,,21.0,135.0,1,10.0,16.0,296.0,5,14.0,307.0,23.0,20.0,21.0,0.0,1.0,0.33333,0.66666
25,58.0,66,Monchengladbach,65.0,Hamburger SV,2016-10-15 13:30:00,7,3.0,1,3-5-2,0.6666666666666666,0.0,6,0,5,7,0.5270833333333333,0,0,174.0,,21.0,135.0,1,10.0,16.0,296.0,5,14.0,307.0,23.0,20.0,21.0,137.0,13.0,19.0,120.0,0,14.0,14.0,244.0,0,5.0,262.0,30.0,23.0,19.0,0.33333,0.66666,0.66666,0.33333
26,55.0,67,Borussia Dortmund,63.0,Hertha BSC,2016-10-14 18:30:00,7,3.0,1,4-1-4-1,0.6666666666666666,0.8076923076923077,9,7,3,3,0.6607142857142857,0,0,199.0,3.0,42.0,207.0,7,9.0,36.0,264.0,2,24.0,342.0,21.0,13.0,42.0,152.0,5.0,21.0,115.0,5,6.0,12.0,297.0,2,10.0,319.0,22.0,25.0,21.0,1.0,1.0,1.0,0.0
27,57.0,68,FC Augsburg,62.0,FC Schalke 04,2016-10-15 13:30:00,7,3.0,1,4-2-3-1,0.28571428571428575,0.3333333333333333,3,5,5,4,0.5619588744588745,0,0,150.0,6.0,25.0,144.0,2,10.0,8.0,299.0,1,12.0,297.0,26.0,23.0,25.0,144.0,,28.0,142.0,4,4.0,15.0,303.0,1,17.0,326.0,23.0,26.0,28.0,0.33333,0.33333,1.0,0.66666
28,60.0,69,Eintracht Frankfurt,76.0,Bayern Munich,2016-10-15 13:30:00,7,3.0,1,4-1-3-2,0.5,0.8333333333333334,5,5,5,2,0.4423076923076923,0,0,142.0,10.0,28.0,119.0,3,4.0,9.0,319.0,2,13.0,331.0,15.0,17.0,28.0,191.0,5.0,38.0,213.0,3,6.0,20.0,289.0,2,16.0,339.0,20.0,17.0,38.0,0.66666,0.0,0.0,1.0
29,61.0,70,Werder Bremen,71.0,Bayer Leverkusen,2016-10-15 16:30:00,7,3.0,1,4-1-4-1,0.5,0.7142857142857143,5,6,7,4,0.33974358974358976,0,0,138.0,5.0,30.0,123.0,5,6.0,20.0,249.0,0,16.0,254.0,23.0,20.0,30.0,158.0,7.0,24.0,166.0,4,12.0,5.0,297.0,2,15.0,327.0,28.0,24.0,24.0,1.0,1.0,0.0,1.0
30,61.0,71,Bayer Leverkusen,70.0,Werder Bremen,2016-10-15 16:30:00,7,3.0,0,4-4-2,0.7142857142857143,0.5,6,5,4,7,0.6176739926739927,0,0,158.0,7.0,24.0,166.0,4,12.0,5.0,297.0,2,15.0,327.0,28.0,24.0,24.0,138.0,5.0,30.0,123.0,5,6.0,20.0,249.0,0,16.0,254.0,23.0,20.0,30.0,0.66666,0.0,1.0,0.0
31,56.0,72,FC Ingolstadt,78.0,1 FC Cologne,2016-10-15 13:30:00,7,3.0,0,4-3-3,0.0,0.6428571428571429,2,5,7,2,0.47291666666666676,0,0,131.0,6.0,26.0,157.0,1,10.0,16.0,285.0,1,13.0,329.0,31.0,17.0,26.0,134.0,4.0,18.0,125.0,1,10.0,8.0,270.0,4,7.0,267.0,41.0,38.0,18.0,0.0,1.0,0.33333,1.0
32,62.0,73,1 FSV Mainz 05,77.0,SV Darmstadt 98,2016-10-16 13:30:00,7,3.0,1,4-2-3-1,0.5,0.1923076923076923,5,2,4,9,0.4563492063492064,0,0,129.0,,24.0,134.0,2,7.0,16.0,261.0,3,13.0,261.0,24.0,27.0,24.0,122.0,9.0,14.0,91.0,1,18.0,12.0,220.0,1,3.0,208.0,41.0,38.0,14.0,0.33333,0.66666,0.33333,0.0
33,63.0,74,RB Leipzig,75.0,VfL Wolfsburg,2016-10-16 15:30:00,7,3.0,0,4-4-2,0.8333333333333334,0.35714285714285715,7,1,2,2,0.4817460317460318,0,0,142.0,3.0,32.0,156.0,5,4.0,15.0,289.0,2,19.0,336.0,14.0,22.0,32.0,157.0,,31.0,163.0,1,9.0,24.0,287.0,0,14.0,332.0,34.0,33.0,31.0,1.0,0.66666,0.66666,0.33333
34,63.0,75,VfL Wolfsburg,74.0,RB Leipzig,2016-10-16 15:30:00,7,3.0,1,4-2-3-1,0.35714285714285715,0.8333333333333334,1,7,2,2,0.45238095238095244,0,0,157.0,,31.0,163.0,1,9.0,24.0,287.0,0,14.0,332.0,34.0,33.0,31.0,142.0,3.0,32.0,156.0,5,4.0,15.0,289.0,2,19.0,336.0,14.0,22.0,32.0,0.33333,0.66666,0.33333,0.66666
35,60.0,76,Bayern Munich,69.0,Eintracht Frankfurt,2016-10-15 13:30:00,7,3.0,0,4-3-3,0.8333333333333334,0.5,5,5,2,5,0.7023809523809524,0,0,191.0,5.0,38.0,213.0,3,6.0,20.0,289.0,2,16.0,339.0,20.0,17.0,38.0,142.0,10.0,28.0,119.0,3,4.0,9.0,319.0,2,13.0,331.0,15.0,17.0,28.0,1.0,0.33333,1.0,0.0
36,62.0,77,SV Darmstadt 98,73.0,1 FSV Mainz 05,2016-10-16 13:30:00,7,3.0,0,4-2-3-1,0.1923076923076923,0.5,2,5,9,4,0.3974358974358974,0,0,122.0,9.0,14.0,91.0,1,18.0,12.0,220.0,1,3.0,208.0,41.0,38.0,14.0,129.0,,24.0,134.0,2,7.0,16.0,261.0,3,13.0,261.0,24.0,27.0,24.0,0.0,1.0,0.0,0.33333
37,56.0,78,1 FC Cologne,72.0,FC Ingolstadt,2016-10-15 13:30:00,7,3.0,1,4-4-2,0.6428571428571429,0.0,5,2,2,7,0.6285173160173161,0,0,134.0,4.0,18.0,125.0,1,10.0,8.0,270.0,4,7.0,267.0,41.0,38.0,18.0,131.0,6.0,26.0,157.0,1,10.0,16.0,285.0,1,13.0,329.0,31.0,17.0,26.0,0.0,0.0,1.0,0.33333
38,79.0,81,Granada CF,100.0,Atletico Madrid,2016-10-16 17:00:00,8,3.0,0,4-2-3-1,0.0,0.8333333333333334,2,4,6,1,0.2689393939393939,0,0,151.0,5.0,19.0,154.0,1,7.0,18.0,296.0,1,8.0,311.0,24.0,25.0,19.0,148.0,8.0,30.0,139.0,4,11.0,17.0,250.0,0,13.0,251.0,25.0,18.0,30.0,0.0,0.66666,0.0,0.33333
39,73.0,82,Espanyol Barcelona,96.0,Las Palmas UD,2016-10-16 17:00:00,8,3.0,0,4-3-3,0.5,0.35714285714285715,2,5,3,8,0.717391304347826,0,0,149.0,5.0,19.0,101.0,1,14.0,8.0,269.0,1,5.0,241.0,29.0,32.0,19.0,157.0,9.0,25.0,122.0,4,14.0,16.0,248.0,1,13.0,232.0,39.0,22.0,25.0,0.0,0.0,1.0,0.33333
40,75.0,83,CD Alaves,87.0,Malaga CF,2016-10-16 17:00:00,8,3.0,1,4-3-3,0.3333333333333333,0.6666666666666666,5,4,5,3,0.23106060606060602,0,0,135.0,12.0,23.0,108.0,4,14.0,11.0,276.0,1,8.0,279.0,32.0,30.0,23.0,161.0,16.0,31.0,181.0,3,5.0,19.0,267.0,1,14.0,301.0,18.0,19.0,31.0,0.33333,0.33333,0.0,0.33333
41,72.0,84,Athletic Bilbao,89.0,Real Sociedad,2016-10-16 17:00:00,8,3.0,1,4-2-3-1,0.7142857142857143,0.6666666666666666,6,5,4,3,0.6303258145363408,0,0,119.0,5.0,23.0,132.0,3,5.0,9.0,253.0,3,12.0,287.0,20.0,25.0,23.0,158.0,5.0,30.0,169.0,2,8.0,14.0,252.0,3,14.0,317.0,23.0,28.0,30.0,0.66666,0.33333,1.0,0.66666
42,80.0,85,Sevilla FC,97.0,CD Leganes,2016-10-16 17:00:00,8,3.0,0,4-2-3-1,0.6666666666666666,0.6666666666666667,4,4,4,3,0.6238095238095238,0,0,179.0,9.0,27.0,152.0,4,5.0,20.0,259.0,0,17.0,281.0,21.0,14.0,27.0,154.0,7.0,18.0,154.0,3,8.0,6.0,347.0,1,7.0,336.0,24.0,34.0,18.0,0.33333,1.0,1.0,1.0
43,78.0,86,Deportivo La Coruna,92.0,FC Barcelona,2016-10-16 17:00:00,8,3.0,0,4-2-3-1,0.28571428571428575,0.5666666666666667,3,9,4,5,0.6130952380952381,0,0,155.0,3.0,32.0,156.0,1,1.0,18.0,272.0,2,13.0,278.0,22.0,28.0,32.0,194.0,5.0,33.0,161.0,6,13.0,17.0,263.0,3,17.0,299.0,26.0,14.0,33.0,0.66666,0.0,0.66666,0.0
44,75.0,87,Malaga CF,83.0,CD Alaves,2016-10-16 17:00:00,8,3.0,0,4-4-2,0.6666666666666666,0.3333333333333333,4,5,3,5,0.5,0,0,161.0,16.0,31.0,181.0,3,5.0,19.0,267.0,1,14.0,301.0,18.0,19.0,31.0,135.0,12.0,23.0,108.0,4,14.0,11.0,276.0,1,8.0,279.0,32.0,30.0,23.0,1.0,0.33333,0.33333,0.0
45,77.0,88,Celta de Vigo,93.0,Villarreal CF,2016-10-16 17:00:00,8,3.0,0,4-2-3-1,1.0,0.6428571428571429,8,4,4,2,0.6482558139534883,0,0,151.0,6.0,31.0,140.0,5,4.0,18.0,289.0,3,18.0,315.0,22.0,22.0,31.0,154.0,3.0,20.0,130.0,0,10.0,9.0,286.0,4,9.0,301.0,25.0,34.0,20.0,1.0,1.0,1.0,0.0
46,72.0,89,Real Sociedad,84.0,Athletic Bilbao,2016-10-16 17:00:00,8,3.0,0,4-2-3-1,0.6666666666666666,0.7142857142857143,5,6,3,4,0.5673076923076923,0,0,158.0,5.0,30.0,169.0,2,8.0,14.0,252.0,3,14.0,317.0,23.0,28.0,30.0,119.0,5.0,23.0,132.0,3,5.0,9.0,253.0,3,12.0,287.0,20.0,25.0,23.0,1.0,0.66666,0.66666,1.0
47,74.0,90,Real Madrid,91.0,Real Betis Balompie,2016-10-16 17:00:00,8,3.0,0,4-3-3,0.5,0.3333333333333333,4,1,4,2,0.4107142857142857,0,0,157.0,10.0,44.0,207.0,2,8.0,29.0,219.0,2,23.0,298.0,18.0,16.0,44.0,139.0,11.0,17.0,102.0,0,15.0,10.0,241.0,1,9.0,239.0,32.0,23.0,17.0,1.0,1.0,0.0,0.66666
48,74.0,91,Real Betis Balompie,90.0,Real Madrid,2016-10-16 17:00:00,8,3.0,1,4-4-2,0.3333333333333333,0.5,1,4,2,4,0.5480769230769231,0,0,139.0,11.0,17.0,102.0,0,15.0,10.0,241.0,1,9.0,239.0,32.0,23.0,17.0,157.0,10.0,44.0,207.0,2,8.0,29.0,219.0,2,23.0,298.0,18.0,16.0,44.0,0.0,0.0,0.66666,0.0
49,78.0,92,FC Barcelona,86.0,Deportivo La Coruna,2016-10-16 17:00:00,8,3.0,1,4-3-3,0.5666666666666667,0.28571428571428575,9,3,5,4,0.2957364341085271,0,0,194.0,5.0,33.0,161.0,6,13.0,17.0,263.0,3,17.0,299.0,26.0,14.0,33.0,155.0,3.0,32.0,156.0,1,1.0,18.0,272.0,2,13.0,278.0,22.0,28.0,32.0,1.0,0.0,0.0,0.66666
50,77.0,93,Villarreal CF,88.0,Celta de Vigo,2016-10-16 17:00:00,8,3.0,1,4-4-2,0.6428571428571429,1.0,4,8,2,4,0.36904761904761907,0,0,154.0,3.0,20.0,130.0,0,10.0,9.0,286.0,4,9.0,301.0,25.0,34.0,20.0,151.0,6.0,31.0,140.0,5,4.0,18.0,289.0,3,18.0,315.0,22.0,22.0,31.0,0.33333,0.33333,0.0,1.0
51,76.0,94,CA Osasuna,99.0,SD Eibar,2016-10-16 17:00:00,8,3.0,0,5-3-2,0.16666666666666666,0.5,4,4,7,3,0.46149949341438706,0,0,130.0,7.0,28.0,111.0,1,4.0,13.0,254.0,3,19.0,255.0,30.0,30.0,28.0,159.0,13.0,24.0,136.0,2,4.0,15.0,267.0,2,9.0,278.0,22.0,28.0,24.0,0.66666,1.0,0.33333,0.66666
52,71.0,95,Valencia CF,98.0,Sporting Gijon,2016-10-16 17:00:00,8,3.0,0,4-2-3-1,0.625,0.0,4,2,4,9,0.5656702898550725,0,0,140.0,7.0,23.0,138.0,2,6.0,17.0,272.0,2,12.0,314.0,22.0,22.0,23.0,110.0,9.0,13.0,99.0,2,7.0,8.0,240.0,0,6.0,229.0,36.0,27.0,13.0,0.33333,0.66666,0.66666,0.33333
53,73.0,96,Las Palmas UD,82.0,Espanyol Barcelona,2016-10-16 17:00:00,8,3.0,1,4-2-3-1,0.35714285714285715,0.5,5,2,8,3,0.4642857142857143,0,0,157.0,9.0,25.0,122.0,4,14.0,16.0,248.0,1,13.0,232.0,39.0,22.0,25.0,149.0,5.0,19.0,101.0,1,14.0,8.0,269.0,1,5.0,241.0,29.0,32.0,19.0,0.66666,1.0,0.33333,1.0
54,80.0,97,CD Leganes,85.0,Sevilla FC,2016-10-16 17:00:00,8,3.0,1,4-2-3-1,0.6666666666666667,0.6666666666666666,4,4,3,4,0.6375,0,0,154.0,7.0,18.0,154.0,3,8.0,6.0,347.0,1,7.0,336.0,24.0,34.0,18.0,179.0,9.0,27.0,152.0,4,5.0,20.0,259.0,0,17.0,281.0,21.0,14.0,27.0,0.0,0.33333,1.0,1.0
55,71.0,98,Sporting Gijon,95.0,Valencia CF,2016-10-16 17:00:00,8,3.0,1,4-2-3-1,0.0,0.625,2,4,9,4,0.43740310077519384,0,0,110.0,9.0,13.0,99.0,2,7.0,8.0,240.0,0,6.0,229.0,36.0,27.0,13.0,140.0,7.0,23.0,138.0,2,6.0,17.0,272.0,2,12.0,314.0,22.0,22.0,23.0,0.0,0.66666,0.33333,0.66666
56,76.0,99,SD Eibar,94.0,CA Osasuna,2016-10-16 17:00:00,8,3.0,1,4-4-2,0.5,0.16666666666666666,4,4,3,7,0.5576923076923077,0,0,159.0,13.0,24.0,136.0,2,4.0,15.0,267.0,2,9.0,278.0,22.0,28.0,24.0,130.0,7.0,28.0,111.0,1,4.0,13.0,254.0,3,19.0,255.0,30.0,30.0,28.0,0.33333,0.0,0.66666,0.33333
57,79.0,100,Atletico Madrid,81.0,Granada CF,2016-10-16 17:00:00,8,3.0,1,4-4-2,0.8333333333333334,0.0,4,2,1,6,0.4815096251266464,0,0,148.0,8.0,30.0,139.0,4,11.0,17.0,250.0,0,13.0,251.0,25.0,18.0,30.0,151.0,5.0,19.0,154.0,1,7.0,18.0,296.0,1,8.0,311.0,24.0,25.0,19.0,0.66666,0.66666,0.33333,0.0
58,87.0,101,Olympique Marseille,102.0,FC Metz,2016-10-15 18:00:00,9,3.0,1,4-2-3-1,0.5,0.33333333333333337,5,1,5,10,0.51875,0,0,144.0,3.0,22.0,121.0,3,11.0,16.0,319.0,2,9.0,301.0,36.0,28.0,22.0,132.0,7.0,21.0,143.0,0,10.0,13.0,262.0,1,10.0,265.0,38.0,29.0,21.0,0.33333,0.0,0.33333,1.0
59,87.0,102,FC Metz,101.0,Olympique Marseille,2016-10-15 18:00:00,9,3.0,0,4-3-3,0.33333333333333337,0.5,1,5,10,5,0.5876984126984127,0,0,132.0,7.0,21.0,143.0,0,10.0,13.0,262.0,1,10.0,265.0,38.0,29.0,21.0,144.0,3.0,22.0,121.0,3,11.0,16.0,319.0,2,9.0,301.0,36.0,28.0,22.0,0.0,0.33333,1.0,0.33333
60,83.0,103,Lille OSC,112.0,EA Guingamp,2016-10-15 18:00:00,9,3.0,0,4-2-3-1,0.28571428571428575,0.3333333333333333,3,1,5,2,0.3041521486643438,0,0,156.0,6.0,28.0,159.0,2,4.0,18.0,239.0,1,13.0,288.0,17.0,25.0,28.0,132.0,5.0,16.0,119.0,1,10.0,6.0,269.0,0,9.0,244.0,25.0,27.0,16.0,0.66666,1.0,0.0,0.66666
61,89.0,104,OGC Nice,110.0,Olympique Lyon,2016-10-15 18:00:00,9,3.0,1,3-5-2,1.0,0.6666666666666666,7,7,1,2,0.5877192982456141,0,0,164.0,5.0,22.0,84.0,4,12.0,7.0,321.0,3,11.0,283.0,31.0,28.0,22.0,165.0,4.0,40.0,147.0,4,7.0,26.0,287.0,3,22.0,320.0,26.0,25.0,40.0,0.66666,0.0,1.0,0.66666
62,81.0,105,SM Caen,107.0,Montpellier HSC,2016-10-15 18:00:00,9,3.0,0,4-1-4-1,0.5,0.16666666666666666,2,4,2,9,0.6007326007326008,0,0,133.0,4.0,25.0,104.0,2,3.0,13.0,293.0,0,8.0,301.0,21.0,28.0,25.0,147.0,5.0,30.0,174.0,1,10.0,12.0,270.0,3,12.0,277.0,26.0,18.0,30.0,0.33333,0.0,1.0,0.0
63,85.0,106,SCO Angers,113.0,SC Bastia,2016-10-15 18:00:00,9,3.0,0,4-3-3,0.5,0.5,4,1,4,1,0.513157894736842,0,0,151.0,2.0,29.0,112.0,3,3.0,11.0,228.0,1,15.0,235.0,18.0,17.0,29.0,154.0,,28.0,147.0,1,11.0,12.0,343.0,0,17.0,333.0,20.0,22.0,28.0,0.66666,0.66666,0.33333,0.33333
64,81.0,107,Montpellier HSC,105.0,SM Caen,2016-10-15 18:00:00,9,3.0,1,4-2-3-1,0.16666666666666666,0.5,4,2,9,2,0.4102564102564103,0,0,147.0,5.0,30.0,174.0,1,10.0,12.0,270.0,3,12.0,277.0,26.0,18.0,30.0,133.0,4.0,25.0,104.0,2,3.0,13.0,293.0,0,8.0,301.0,21.0,28.0,25.0,1.0,0.66666,0.0,1.0
65,84.0,108,AS Saint Etienne,111.0,Dijon FCO,2016-10-15 18:00:00,9,3.0,1,4-3-3,0.5,0.5,3,6,3,6,0.5395833333333333,0,0,158.0,4.0,20.0,129.0,3,12.0,13.0,302.0,0,6.0,281.0,31.0,27.0,20.0,143.0,3.0,25.0,127.0,3,10.0,16.0,320.0,3,16.0,310.0,31.0,31.0,25.0,0.0,0.33333,0.66666,0.0
66,82.0,109,FC Lorient,120.0,FC Nantes,2016-10-15 18:00:00,9,3.0,1,4-3-3,0.3333333333333333,0.5,2,2,3,2,0.6839430894308943,0,0,144.0,8.0,24.0,162.0,2,12.0,15.0,299.0,0,9.0,338.0,31.0,27.0,24.0,152.0,11.0,34.0,197.0,0,7.0,14.0,286.0,2,18.0,334.0,26.0,25.0,34.0,0.33333,0.33333,1.0,0.0
67,89.0,110,Olympique Lyon,104.0,OGC Nice,2016-10-15 18:00:00,9,3.0,0,3-5-2,0.6666666666666666,1.0,7,7,2,1,0.5352564102564102,0,0,165.0,4.0,40.0,147.0,4,7.0,26.0,287.0,3,22.0,320.0,26.0,25.0,40.0,164.0,5.0,22.0,84.0,4,12.0,7.0,321.0,3,11.0,283.0,31.0,28.0,22.0,1.0,1.0,0.66666,1.0
68,84.0,111,Dijon FCO,108.0,AS Saint Etienne,2016-10-15 18:00:00,9,3.0,0,4-4-2,0.5,0.5,6,3,6,3,0.3275193798449612,0,0,143.0,3.0,25.0,127.0,3,10.0,16.0,320.0,3,16.0,310.0,31.0,31.0,25.0,158.0,4.0,20.0,129.0,3,12.0,13.0,302.0,0,6.0,281.0,31.0,27.0,20.0,1.0,1.0,0.0,0.66666
69,83.0,112,EA Guingamp,103.0,Lille OSC,2016-10-15 18:00:00,9,3.0,1,4-4-2,0.3333333333333333,0.28571428571428575,1,3,2,5,0.5285087719298246,0,0,132.0,5.0,16.0,119.0,1,10.0,6.0,269.0,0,9.0,244.0,25.0,27.0,16.0,156.0,6.0,28.0,159.0,2,4.0,18.0,239.0,1,13.0,288.0,17.0,25.0,28.0,0.0,0.0,0.66666,0.0
70,85.0,113,SC Bastia,106.0,SCO Angers,2016-10-15 18:00:00,9,3.0,1,4-3-3,0.5,0.5,1,4,1,4,0.5,0,0,154.0,,28.0,147.0,1,11.0,12.0,343.0,0,17.0,333.0,20.0,22.0,28.0,151.0,2.0,29.0,112.0,3,3.0,11.0,228.0,1,15.0,235.0,18.0,17.0,29.0,0.33333,0.33333,0.33333,0.33333
71,90.0,114,Toulouse FC,117.0,AS Monaco,2016-10-15 18:00:00,9,3.0,1,4-4-1-1,0.7142857142857143,0.7142857142857143,4,9,2,5,0.5773809523809524,0,0,141.0,14.0,18.0,128.0,3,13.0,8.0,289.0,1,6.0,291.0,33.0,27.0,18.0,152.0,3.0,27.0,168.0,6,7.0,22.0,253.0,3,20.0,292.0,22.0,18.0,27.0,0.0,0.33333,0.66666,0.33333
72,88.0,115,FC Girondins Bordeaux,119.0,Stade Rennes,2016-10-15 18:00:00,9,3.0,0,4-3-3,0.5666666666666667,0.6666666666666666,3,4,2,5,0.6238095238095238,0,0,152.0,1.0,27.0,147.0,2,15.0,12.0,316.0,1,11.0,327.0,29.0,29.0,27.0,173.0,4.0,37.0,158.0,3,5.0,13.0,279.0,1,15.0,319.0,19.0,16.0,37.0,0.33333,0.0,1.0,0.33333
73,86.0,116,AS Nancy,118.0,Paris St Germain,2016-10-15 18:00:00,9,3.0,1,3-5-2,0.16666666666666666,0.6666666666666666,0,5,2,2,0.29761904761904767,0,0,138.0,,21.0,139.0,0,10.0,13.0,266.0,0,6.0,271.0,23.0,24.0,21.0,169.0,5.0,26.0,178.0,1,7.0,23.0,327.0,4,18.0,354.0,17.0,15.0,26.0,0.0,0.66666,0.0,0.66666
74,90.0,117,AS Monaco,114.0,Toulouse FC,2016-10-15 18:00:00,9,3.0,0,4-4-2,0.7142857142857143,0.7142857142857143,9,4,5,2,0.4645562770562771,0,0,152.0,3.0,27.0,168.0,6,7.0,22.0,253.0,3,20.0,292.0,22.0,18.0,27.0,141.0,14.0,18.0,128.0,3,13.0,8.0,289.0,1,6.0,291.0,33.0,27.0,18.0,1.0,1.0,0.33333,0.66666
75,86.0,118,Paris St Germain,116.0,AS Nancy,2016-10-15 18:00:00,9,3.0,0,4-3-3,0.6666666666666666,0.16666666666666666,5,0,2,2,0.5691860465116279,0,0,169.0,5.0,26.0,178.0,1,7.0,23.0,327.0,4,18.0,354.0,17.0,15.0,26.0,138.0,,21.0,139.0,0,10.0,13.0,266.0,0,6.0,271.0,23.0,24.0,21.0,0.66666,1.0,0.66666,0.0
76,88.0,119,Stade Rennes,115.0,FC Girondins Bordeaux,2016-10-15 18:00:00,9,3.0,1,4-4-2,0.6666666666666666,0.5666666666666667,4,3,5,2,0.45833333333333326,0,0,173.0,4.0,37.0,158.0,3,5.0,13.0,279.0,1,15.0,319.0,19.0,16.0,37.0,152.0,1.0,27.0,147.0,2,15.0,12.0,316.0,1,11.0,327.0,29.0,29.0,27.0,1.0,0.66666,0.33333,1.0
77,82.0,120,FC Nantes,109.0,FC Lorient,2016-10-15 18:00:00,9,3.0,0,4-4-2,0.5,0.3333333333333333,2,2,2,3,0.45625,0,0,152.0,11.0,34.0,197.0,0,7.0,14.0,286.0,2,18.0,334.0,26.0,25.0,34.0,144.0,8.0,24.0,162.0,2,12.0,15.0,299.0,0,9.0,338.0,31.0,27.0,24.0,0.66666,0.66666,0.0,1.0
