,match_id,team_id,team_name,opp_id,opp_name,scheduled,round,games_played,is_home,current_formation,avg_points,avg_goals_for,avg_goals_against,margin,goal_diff,goal_efficiency,win_percentage,sos,rpi,opp_avg_points,opp_avg_goals,opp_margin,opp_goal_efficiency,opp_win_percentage,opp_sos,opp_rpi,goals_op_ratio,ball_safe_op_ratio,goal_attempts_op_ratio,current_team_possession,current_team_attacks,current_team_dangerous_attacks,current_team_yellow_cards,current_team_corner_kicks,current_team_shots_on_target,current_team_shots_total,current_team_ball_safe,current_team_goal_attempts,current_team_saves,current_team_first_half_goals,current_team_sec_half_goals,current_team_goal_kicks,opp_team_possession,opp_team_attacks,opp_team_dangerous_attacks,opp_team_yellow_cards,opp_team_corner_kicks,opp_team_shots_on_target,opp_team_shots_total,opp_team_ball_safe,opp_team_goal_attempts,opp_team_saves,opp_team_first_half_goals,opp_team_sec_half_goals,opp_team_goal_kicks,goals,points
0,900.0,21,FC Dallas,23.0,Real Salt Lake,2016-09-25 01:30:00,28,3.0,0,4-2-3-1,1.33333333333,1.66666666667,1.33333333333,0.333333333333,1,0.133333333333,0.433333333333,0.531007751938,0.506589147287,1.33333333333,2.0,-0.333333333333,0.222222222222,0.5,0.577770064407,0.474994214972,0.833333333333,0.723404255319,1.39285714286,45.0,100.333333333,54.3333333333,2.66666666667,6.33333333333,7.0,13.0,79.3333333333,13.0,1.33333333333,1.0,0.666666666667,6.66666666667,62.0,101.333333333,48.6666666667,1.66666666667,5.0,4.33333333333,9.33333333333,109.666666667,9.33333333333,6.0,0.333333333333,1.66666666667,12.6666666667,5,4
1,896.0,22,Colorado Rapids,28.0,Vancouver Whitecaps FC,2016-09-24 23:00:00,28,3.0,0,4-2-3-1,1.33333333333,0.333333333333,0.666666666667,-0.333333333333,-1,0.0,0.566666666667,0.397186147186,0.439556277056,0.666666666667,0.333333333333,-0.666666666667,0.0,0.357142857143,0.503760393046,0.471570294785,1.0,1.0,1.04347826087,53.0,98.0,47.3333333333,3.66666666667,3.0,2.66666666667,8.0,93.3333333333,8.0,4.0,0.0,0.333333333333,8.0,48.0,95.3333333333,48.0,1.66666666667,4.66666666667,3.33333333333,7.66666666667,93.3333333333,7.66666666667,2.0,0.333333333333,0.0,9.33333333333,1,4
2,900.0,23,Real Salt Lake,21.0,FC Dallas,2016-09-25 01:30:00,28,3.0,1,4-3-3,0.333333333333,1.0,1.66666666667,-0.666666666667,-2,0.0,0.166666666667,0.439393939394,0.371212121212,1.33333333333,1.66666666667,-0.333333333333,0.25,0.5,0.552512562814,0.522717755444,0.6,1.06296296296,1.54545454545,58.6666666667,110.333333333,62.0,3.0,3.33333333333,4.0,11.3333333333,95.6666666667,11.3333333333,1.66666666667,0.0,1.0,6.0,50.6666666667,87.3333333333,34.6666666667,3.0,4.66666666667,4.0,7.33333333333,90.0,7.33333333333,2.66666666667,1.0,0.666666666667,9.0,3,1
3,894.0,24,New York City FC,40.0,Chicago Fire,2016-09-24 00:00:00,28,3.0,1,4-3-3,1.33333333333,2.0,2.33333333333,-0.333333333333,-1,0.222222222222,0.5,0.480555555556,0.485416666667,1.33333333333,1.66666666667,0.333333333333,0.133333333333,0.433333333333,0.411609800779,0.417040683917,1.2,1.38235294118,0.717948717949,62.0,101.333333333,48.6666666667,1.66666666667,5.0,4.33333333333,9.33333333333,109.666666667,9.33333333333,6.0,0.333333333333,1.66666666667,12.6666666667,45.0,100.333333333,54.3333333333,2.66666666667,6.33333333333,7.0,13.0,79.3333333333,13.0,1.33333333333,1.0,0.666666666667,6.66666666667,6,4
4,895.0,25,Philadelphia Union,34.0,Toronto FC,2016-09-24 21:00:00,28,3.0,0,4-2-3-1,0.333333333333,0.666666666667,2.0,-1.33333333333,-4,0.0769230769231,0.192307692308,0.533591731266,0.448270721527,2.0,1.33333333333,0.0,0.105263157895,0.666666666667,0.441950678858,0.456463009144,0.5,1.12451361868,0.885714285714,47.0,105.666666667,44.6666666667,1.66666666667,5.0,5.33333333333,10.3333333333,96.3333333333,10.3333333333,3.66666666667,0.333333333333,0.333333333333,8.0,50.3333333333,97.6666666667,51.0,1.66666666667,4.33333333333,4.0,11.6666666667,85.6666666667,11.6666666667,5.66666666667,0.333333333333,1.0,7.33333333333,2,1
5,902.0,26,LA Galaxy,37.0,Seattle Sounders,2016-09-25 20:00:00,28,3.0,1,4-4-2,1.66666666667,3.0,2.33333333333,0.666666666667,2,0.4,0.642857142857,0.38961038961,0.452922077922,0.666666666667,1.66666666667,-0.666666666667,0.181818181818,0.357142857143,0.460317460317,0.470238095238,1.8,1.00373134328,0.821428571429,41.6666666667,83.6666666667,35.3333333333,2.0,1.66666666667,3.33333333333,7.66666666667,89.6666666667,7.66666666667,2.66666666667,1.66666666667,1.33333333333,14.3333333333,53.3333333333,95.3333333333,51.6666666667,1.0,4.66666666667,5.0,9.33333333333,89.3333333333,9.33333333333,2.66666666667,0.666666666667,1.0,8.66666666667,9,5
6,901.0,27,Sporting Kansas City,32.0,San Jose Earthquakes,2016-09-25 02:30:00,28,3.0,0,4-3-3,0.666666666667,1.66666666667,2.33333333333,-0.666666666667,-2,0.181818181818,0.357142857143,0.528571428571,0.485714285714,1.66666666667,3.0,0.666666666667,0.4,0.642857142857,0.487393014111,0.454830474869,0.555555555556,0.996282527881,1.21739130435,53.3333333333,95.3333333333,51.6666666667,1.0,4.66666666667,5.0,9.33333333333,89.3333333333,9.33333333333,2.66666666667,0.666666666667,1.0,8.66666666667,41.6666666667,83.6666666667,35.3333333333,2.0,1.66666666667,3.33333333333,7.66666666667,89.6666666667,7.66666666667,2.66666666667,1.66666666667,1.33333333333,14.3333333333,5,2
7,896.0,28,Vancouver Whitecaps FC,22.0,Colorado Rapids,2016-09-24 23:00:00,28,3.0,1,4-4-2,1.0,1.0,1.0,0.0,0,0.0,0.375,0.484126984127,0.456845238095,1.33333333333,1.33333333333,-0.333333333333,0.111111111111,0.5,0.565628873343,0.565888321674,0.75,1.01153846154,0.954545454545,48.3333333333,94.6666666667,42.6666666667,2.0,3.66666666667,1.66666666667,7.0,87.6666666667,7.0,3.33333333333,0.333333333333,0.666666666667,12.0,50.3333333333,99.6666666667,59.0,2.33333333333,4.33333333333,2.66666666667,7.33333333333,86.6666666667,7.33333333333,2.66666666667,0.0,1.33333333333,7.0,3,3
8,898.0,29,Montreal Impact,31.0,NY Red Bulls,2016-09-24 23:00:00,28,3.0,0,4-2-3-1,0.333333333333,1.0,2.66666666667,-1.66666666667,-5,0.0714285714286,0.147058823529,0.796296296296,0.633986928105,3.0,2.66666666667,2.0,0.25,1.0,0.433084294299,0.496688220724,0.375,0.848765432099,0.951219512195,49.0,105.0,63.3333333333,2.0,5.66666666667,4.33333333333,13.0,91.6666666667,13.0,2.33333333333,0.333333333333,0.666666666667,5.33333333333,50.0,125.333333333,54.0,1.0,5.33333333333,8.0,13.6666666667,108.0,13.6666666667,1.66666666667,1.66666666667,1.0,11.6666666667,3,1
9,899.0,30,Portland Timbers,38.0,Houston Dynamo,2016-09-25 01:00:00,28,3.0,0,4-2-3-1,2.0,1.33333333333,1.33333333333,0.0,0,0.105263157895,0.666666666667,0.256993006993,0.359411421911,0.333333333333,0.666666666667,-1.33333333333,0.0769230769231,0.192307692308,0.379658200807,0.409743650605,2.0,0.889273356401,1.12903225806,50.3333333333,97.6666666667,51.0,1.66666666667,4.33333333333,4.0,11.6666666667,85.6666666667,11.6666666667,5.66666666667,0.333333333333,1.0,7.33333333333,47.0,105.666666667,44.6666666667,1.66666666667,5.0,5.33333333333,10.3333333333,96.3333333333,10.3333333333,3.66666666667,0.333333333333,0.333333333333,8.0,4,6
10,898.0,31,NY Red Bulls,29.0,Montreal Impact,2016-09-24 23:00:00,28,3.0,1,4-2-3-1,1.66666666667,2.0,1.66666666667,0.333333333333,1,0.375,0.6875,0.472222222222,0.526041666667,1.33333333333,1.66666666667,0.0,0.3,0.5,0.535208309467,0.438170937982,1.2,0.968965517241,0.967741935484,53.3333333333,97.6666666667,49.3333333333,1.33333333333,5.0,6.0,10.0,93.6666666667,10.0,2.33333333333,1.0,1.0,12.6666666667,51.3333333333,106.333333333,68.6666666667,1.5,5.66666666667,4.33333333333,10.3333333333,96.6666666667,10.3333333333,3.0,0.666666666667,1.0,8.0,6,5
11,901.0,32,San Jose Earthquakes,27.0,Sporting Kansas City,2016-09-25 02:30:00,28,3.0,1,4-4-1-1,0.666666666667,0.333333333333,1.0,-0.666666666667,-2,0.0,0.357142857143,0.575452196382,0.520874861573,1.33333333333,0.333333333333,-0.333333333333,0.0,0.566666666667,0.466380220112,0.439070879369,1.0,1.0,0.958333333333,48.0,95.3333333333,48.0,1.66666666667,4.66666666667,3.33333333333,7.66666666667,93.3333333333,7.66666666667,2.0,0.333333333333,0.0,9.33333333333,53.0,98.0,47.3333333333,3.66666666667,3.0,2.66666666667,8.0,93.3333333333,8.0,4.0,0.0,0.333333333333,8.0,1,2
12,897.0,33,DC United,35.0,Orlando City SC,2016-09-24 23:00:00,28,3.0,1,4-1-4-1,0.666666666667,2.0,2.33333333333,-0.333333333333,-1,0.142857142857,0.357142857143,0.410101010101,0.396861471861,1.33333333333,2.0,0.666666666667,0.181818181818,0.433333333333,0.41156859624,0.40242644718,1.0,1.08865248227,1.34482758621,40.3333333333,105.333333333,51.6666666667,2.5,5.0,6.66666666667,13.0,102.333333333,13.0,3.66666666667,0.666666666667,1.33333333333,8.33333333333,53.0,86.0,41.0,3.0,5.33333333333,4.66666666667,9.66666666667,94.0,9.66666666667,3.0,1.0,1.0,11.3333333333,6,2
13,895.0,34,Toronto FC,25.0,Philadelphia Union,2016-09-24 21:00:00,28,3.0,1,4-3-1-2,1.33333333333,1.66666666667,1.66666666667,0.0,0,0.3,0.5,0.596631205674,0.572473404255,1.66666666667,2.0,0.333333333333,0.375,0.6875,0.445127971444,0.38192290166,0.833333333333,1.03202846975,1.03333333333,51.3333333333,106.333333333,68.6666666667,1.5,5.66666666667,4.33333333333,10.3333333333,96.6666666667,10.3333333333,3.0,0.666666666667,1.0,8.0,53.3333333333,97.6666666667,49.3333333333,1.33333333333,5.0,6.0,10.0,93.6666666667,10.0,2.33333333333,1.0,1.0,12.6666666667,5,4
14,897.0,35,Orlando City SC,33.0,DC United,2016-09-24 23:00:00,28,3.0,0,4-2-3-1,1.0,2.33333333333,3.0,-0.666666666667,-2,0.0588235294118,0.375,0.402173913043,0.395380434783,1.0,2.0,0.0,0.571428571429,0.375,0.536210203299,0.49144336676,1.16666666667,0.916083916084,1.14285714286,46.0,94.3333333333,50.0,2.66666666667,3.66666666667,5.66666666667,10.6666666667,87.3333333333,10.6666666667,2.33333333333,1.0,1.33333333333,8.33333333333,52.3333333333,98.6666666667,56.6666666667,0.5,5.33333333333,4.66666666667,9.33333333333,95.3333333333,9.33333333333,4.66666666667,1.33333333333,0.666666666667,8.33333333333,7,3
15,903.0,36,New England Revolution,39.0,Columbus Crew,2016-09-25 23:00:00,28,3.0,0,4-3-1-2,3.0,2.66666666667,0.666666666667,2.0,6,0.25,1.0,0.272457820337,0.454343365253,0.333333333333,1.0,-1.66666666667,0.0714285714286,0.147058823529,0.469313812482,0.445735359361,2.66666666667,1.17818181818,1.05128205128,50.0,125.333333333,54.0,1.0,5.33333333333,8.0,13.6666666667,108.0,13.6666666667,1.66666666667,1.66666666667,1.0,11.6666666667,49.0,105.0,63.3333333333,2.0,5.66666666667,4.33333333333,13.0,91.6666666667,13.0,2.33333333333,0.333333333333,0.666666666667,5.33333333333,8,9
16,902.0,37,Seattle Sounders,26.0,LA Galaxy,2016-09-25 20:00:00,28,3.0,0,4-2-3-1,1.33333333333,1.33333333333,1.66666666667,-0.333333333333,-1,0.111111111111,0.5,0.424074074074,0.443055555556,1.0,1.0,0.0,0.0,0.375,0.367527993109,0.436360280546,1.33333333333,0.988593155894,1.04761904762,50.3333333333,99.6666666667,59.0,2.33333333333,4.33333333333,2.66666666667,7.33333333333,86.6666666667,7.33333333333,2.66666666667,0.0,1.33333333333,7.0,48.3333333333,94.6666666667,42.6666666667,2.0,3.66666666667,1.66666666667,7.0,87.6666666667,7.0,3.33333333333,0.333333333333,0.666666666667,12.0,4,4
17,899.0,38,Houston Dynamo,30.0,Portland Timbers,2016-09-25 01:00:00,28,3.0,1,4-1-4-1,1.33333333333,1.66666666667,2.0,-0.333333333333,-1,0.25,0.5,0.308785529716,0.356589147287,0.333333333333,1.0,-0.666666666667,0.0,0.166666666667,0.331215535843,0.415078318549,1.66666666667,0.940766550523,0.647058823529,50.6666666667,87.3333333333,34.6666666667,3.0,4.66666666667,4.0,7.33333333333,90.0,7.33333333333,2.66666666667,1.0,0.666666666667,9.0,58.6666666667,110.333333333,62.0,3.0,3.33333333333,4.0,11.3333333333,95.6666666667,11.3333333333,1.66666666667,0.0,1.0,6.0,5,4
18,903.0,39,Columbus Crew,36.0,New England Revolution,2016-09-25 23:00:00,28,3.0,1,4-2-3-1,1.0,2.0,2.0,0.0,0,0.571428571429,0.375,0.374113475177,0.374335106383,1.0,2.33333333333,-0.666666666667,0.0588235294118,0.375,0.411723753829,0.558792815372,0.857142857143,1.09160305344,0.875,52.3333333333,98.6666666667,56.6666666667,0.5,5.33333333333,4.66666666667,9.33333333333,95.3333333333,9.33333333333,4.66666666667,1.33333333333,0.666666666667,8.33333333333,46.0,94.3333333333,50.0,2.66666666667,3.66666666667,5.66666666667,10.6666666667,87.3333333333,10.6666666667,2.33333333333,1.0,1.33333333333,8.33333333333,6,3
19,894.0,40,Chicago Fire,24.0,New York City FC,2016-09-24 00:00:00,28,3.0,0,4-2-3-1,1.33333333333,2.0,1.33333333333,0.666666666667,2,0.181818181818,0.433333333333,0.419913419913,0.423268398268,0.666666666667,2.0,-0.333333333333,0.142857142857,0.357142857143,0.585644195859,0.564233146894,1.0,0.918566775244,0.74358974359,53.0,86.0,41.0,3.0,5.33333333333,4.66666666667,9.66666666667,94.0,9.66666666667,3.0,1.0,1.0,11.3333333333,40.3333333333,105.333333333,51.6666666667,2.5,5.0,6.66666666667,13.0,102.333333333,13.0,3.66666666667,0.666666666667,1.33333333333,8.33333333333,6,4
20,59.0,41,Southampton FC,47.0,West Ham United,2016-09-25 15:00:00,6,3.0,0,4-2-3-1,1.33333333333,1.0,1.0,0.0,0,0.0833333333333,0.5,0.303205128205,0.352403846154,0.333333333333,1.0,-0.666666666667,0.0,0.192307692308,0.57380718419,0.430355388143,1.0,1.05090909091,1.73684210526,56.3333333333,104.666666667,56.3333333333,2.66666666667,4.33333333333,5.66666666667,11.0,96.3333333333,11.0,1.33333333333,0.333333333333,0.666666666667,8.66666666667,49.0,93.0,41.0,2.0,2.66666666667,3.0,6.33333333333,91.6666666667,6.33333333333,3.33333333333,0.0,1.0,10.3333333333,3,4
21,52.0,42,Manchester City,45.0,Swansea City,2016-09-24 14:00:00,6,3.0,0,4-2-3-1,3.0,3.0,0.666666666667,2.33333333333,7,0.307692307692,1.0,0.595238095238,0.696428571429,1.33333333333,0.666666666667,-1.0,0.0,0.5,0.477705627706,0.406356143856,4.5,1.19008264463,1.95454545455,62.3333333333,109.0,58.0,1.33333333333,4.66666666667,7.33333333333,14.3333333333,96.0,14.3333333333,1.66666666667,2.0,1.0,6.0,46.3333333333,70.3333333333,46.0,1.0,6.33333333333,4.0,7.33333333333,80.6666666667,7.33333333333,5.0,0.333333333333,0.333333333333,11.3333333333,9,9
22,58.0,43,Arsenal FC,48.0,Chelsea FC,2016-09-24 16:30:00,6,3.0,1,4-2-3-1,3.0,3.0,1.0,2.0,6,0.266666666667,1.0,0.279520697168,0.459640522876,0.333333333333,0.666666666667,-1.33333333333,0.25,0.147058823529,0.503600464576,0.486033681765,4.5,0.954248366013,1.61904761905,58.3333333333,102.333333333,60.0,1.66666666667,4.0,6.33333333333,11.3333333333,97.3333333333,11.3333333333,3.66666666667,1.66666666667,1.33333333333,7.33333333333,40.3333333333,87.3333333333,28.0,0.666666666667,4.0,2.66666666667,7.0,102.0,7.0,5.0,0.0,0.666666666667,11.3333333333,9,9
23,55.0,44,Everton FC,55.0,Bournemouth AFC,2016-09-24 14:00:00,6,3.0,0,4-2-3-1,3.0,2.33333333333,0.333333333333,2.0,6,0.333333333333,1.0,0.373015873016,0.529761904762,0.333333333333,0.666666666667,-1.0,0.333333333333,0.166666666667,0.648222669349,0.611167002012,3.5,1.04501607717,2.05555555556,57.6666666667,111.333333333,46.0,1.66666666667,6.66666666667,7.0,12.3333333333,108.333333333,12.3333333333,1.66666666667,1.0,1.33333333333,5.33333333333,48.3333333333,107.333333333,42.0,1.66666666667,4.33333333333,2.33333333333,6.0,103.666666667,6.0,3.0,0.666666666667,0.0,8.0,7,9
24,52.0,45,Swansea City,42.0,Manchester City,2016-09-24 14:00:00,6,3.0,1,4-3-3,0.333333333333,1.0,1.66666666667,-0.666666666667,-2,0.0,0.192307692308,0.492424242424,0.417395104895,1.33333333333,1.0,0.0,0.0833333333333,0.5,0.414519170333,0.56088937775,1.0,0.951557093426,0.575757575758,49.0,93.0,41.0,2.0,2.66666666667,3.0,6.33333333333,91.6666666667,6.33333333333,3.33333333333,0.0,1.0,10.3333333333,56.3333333333,104.666666667,56.3333333333,2.66666666667,4.33333333333,5.66666666667,11.0,96.3333333333,11.0,1.33333333333,0.333333333333,0.666666666667,8.66666666667,3,1
25,56.0,46,West Bromwich Albion,49.0,Stoke City,2016-09-24 14:00:00,6,3.0,0,4-2-3-1,1.33333333333,1.33333333333,1.0,0.333333333333,1,0.5,0.5,0.236434108527,0.302325581395,0.0,1.66666666667,-2.0,0.181818181818,0.0,0.680999180999,0.510749385749,0.8,0.971119133574,0.925925925926,42.0,77.6666666667,46.6666666667,2.0,4.0,4.66666666667,8.33333333333,89.6666666667,8.33333333333,3.0,1.0,0.333333333333,8.66666666667,50.0,101.666666667,58.6666666667,2.0,4.66666666667,3.66666666667,9.0,92.3333333333,9.0,2.66666666667,0.666666666667,1.0,9.33333333333,4,4
26,59.0,47,West Ham United,41.0,Southampton FC,2016-09-25 15:00:00,6,3.0,1,4-3-3,0.0,1.66666666667,3.66666666667,-2.0,-6,0.181818181818,0.0,0.404761904762,0.303571428571,1.33333333333,1.33333333333,0.333333333333,0.5,0.5,0.494652406417,0.495989304813,1.25,1.02973977695,1.08,50.0,101.666666667,58.6666666667,2.0,4.66666666667,3.66666666667,9.0,92.3333333333,9.0,2.66666666667,0.666666666667,1.0,9.33333333333,42.0,77.6666666667,46.6666666667,2.0,4.0,4.66666666667,8.33333333333,89.6666666667,8.33333333333,3.0,1.0,0.333333333333,8.66666666667,5,0
27,58.0,48,Chelsea FC,43.0,Arsenal FC,2016-09-24 16:30:00,6,3.0,0,4-2-3-1,1.33333333333,2.0,1.33333333333,0.666666666667,2,0.166666666667,0.433333333333,0.769841269841,0.685714285714,2.33333333333,2.33333333333,1.33333333333,0.333333333333,0.833333333333,0.455186880244,0.591390160183,0.857142857143,0.882154882155,1.30769230769,57.0,99.6666666667,60.0,2.33333333333,8.66666666667,5.0,11.3333333333,87.3333333333,11.3333333333,0.333333333333,1.0,1.0,3.66666666667,53.0,102.0,50.0,2.33333333333,3.33333333333,6.0,8.66666666667,99.0,8.66666666667,2.0,1.66666666667,0.666666666667,8.66666666667,6,4
28,56.0,49,Stoke City,46.0,West Bromwich Albion,2016-09-24 14:00:00,6,3.0,1,4-2-3-1,0.0,0.333333333333,3.0,-2.66666666667,-8,0.1,0.0,0.626984126984,0.470238095238,2.33333333333,2.33333333333,1.33333333333,0.571428571429,0.833333333333,0.357769423559,0.393327067669,0.142857142857,0.930656934307,0.806451612903,46.3333333333,98.3333333333,39.0,1.66666666667,5.66666666667,2.66666666667,8.33333333333,85.0,8.33333333333,4.66666666667,0.0,0.333333333333,5.66666666667,55.0,85.6666666667,45.6666666667,2.33333333333,8.66666666667,6.0,10.3333333333,91.3333333333,10.3333333333,3.0,1.0,1.33333333333,7.0,1,0
29,54.0,50,Hull City,56.0,Liverpool FC,2016-09-24 14:00:00,6,3.0,0,4-3-3,0.333333333333,0.666666666667,2.0,-1.33333333333,-4,0.25,0.147058823529,0.804347826087,0.640025575448,3.0,3.0,2.0,0.266666666667,1.0,0.581539465101,0.644487932159,0.222222222222,1.04794520548,0.617647058824,40.3333333333,87.3333333333,28.0,0.666666666667,4.0,2.66666666667,7.0,102.0,7.0,5.0,0.0,0.666666666667,11.3333333333,58.3333333333,102.333333333,60.0,1.66666666667,4.0,6.33333333333,11.3333333333,97.3333333333,11.3333333333,3.66666666667,1.66666666667,1.33333333333,7.33333333333,2,1
30,57.0,51,Middlesbrough FC,54.0,Tottenham Hotspur,2016-09-24 14:00:00,6,3.0,1,4-2-3-1,0.333333333333,0.666666666667,1.66666666667,-1.0,-3,0.333333333333,0.166666666667,0.704545454545,0.570075757576,3.0,2.33333333333,2.0,0.333333333333,1.0,0.464361929151,0.556604780196,0.285714285714,0.956923076923,0.486486486486,48.3333333333,107.333333333,42.0,1.66666666667,4.33333333333,2.33333333333,6.0,103.666666667,6.0,3.0,0.666666666667,0.0,8.0,57.6666666667,111.333333333,46.0,1.66666666667,6.66666666667,7.0,12.3333333333,108.333333333,12.3333333333,1.66666666667,1.0,1.33333333333,5.33333333333,2,1
31,51.0,52,Leicester City,58.0,Manchester United,2016-09-24 11:30:00,6,3.0,0,4-4-2,2.0,2.0,1.66666666667,0.333333333333,1,0.3,0.666666666667,0.256993006993,0.359411421911,0.333333333333,0.333333333333,-2.0,0.0,0.192307692308,0.546997635934,0.50399822695,6.0,1.04395604396,1.5,49.0,107.333333333,55.6666666667,1.66666666667,6.0,4.0,8.0,95.0,8.0,3.66666666667,1.0,1.0,6.66666666667,37.6666666667,96.0,37.6666666667,1.66666666667,3.66666666667,1.33333333333,5.33333333333,91.0,5.33333333333,3.0,0.0,0.333333333333,11.3333333333,6,6
32,60.0,53,Burnley FC,57.0,Watford FC,2016-09-26 19:00:00,6,3.0,1,4-3-3,0.333333333333,0.333333333333,2.33333333333,-2.0,-6,0.0,0.192307692308,0.586720867209,0.488117573483,2.0,2.0,0.333333333333,0.3,0.666666666667,0.528242289112,0.552431716834,0.166666666667,0.957894736842,0.666666666667,37.6666666667,96.0,37.6666666667,1.66666666667,3.66666666667,1.33333333333,5.33333333333,91.0,5.33333333333,3.0,0.0,0.333333333333,11.3333333333,49.0,107.333333333,55.6666666667,1.66666666667,6.0,4.0,8.0,95.0,8.0,3.66666666667,1.0,1.0,6.66666666667,1,1
33,57.0,54,Tottenham Hotspur,51.0,Middlesbrough FC,2016-09-24 14:00:00,6,3.0,0,4-2-3-1,2.33333333333,2.0,0.333333333333,1.66666666667,5,0.0454545454545,0.833333333333,0.373015873016,0.488095238095,0.333333333333,0.333333333333,-1.33333333333,0.0,0.166666666667,0.593984962406,0.487155388471,6.0,1.14403292181,3.14285714286,56.3333333333,105.333333333,49.3333333333,2.0,9.0,8.0,14.6666666667,92.6666666667,14.6666666667,2.0,0.333333333333,1.66666666667,7.33333333333,35.6666666667,73.3333333333,32.0,3.0,3.66666666667,2.33333333333,4.66666666667,81.0,4.66666666667,7.66666666667,0.0,0.333333333333,12.3333333333,6,7
34,55.0,55,Bournemouth AFC,44.0,Everton FC,2016-09-24 14:00:00,6,3.0,1,4-3-3,1.33333333333,0.666666666667,1.66666666667,-1.0,-3,0.0,0.5,0.763565891473,0.697674418605,3.0,3.0,2.33333333333,0.307692307692,1.0,0.286868686869,0.465151515152,0.222222222222,0.840277777778,0.511627906977,46.3333333333,70.3333333333,46.0,1.0,6.33333333333,4.0,7.33333333333,80.6666666667,7.33333333333,5.0,0.333333333333,0.333333333333,11.3333333333,62.3333333333,109.0,58.0,1.33333333333,4.66666666667,7.33333333333,14.3333333333,96.0,14.3333333333,1.66666666667,2.0,1.0,6.0,2,4
35,54.0,56,Liverpool FC,50.0,Hull City,2016-09-24 14:00:00,6,3.0,1,4-3-3,2.33333333333,2.33333333333,1.0,1.33333333333,4,0.333333333333,0.833333333333,0.431165311653,0.531707317073,1.33333333333,2.0,0.666666666667,0.166666666667,0.433333333333,0.512085769981,0.420829033368,1.16666666667,1.13358778626,0.764705882353,53.0,102.0,50.0,2.33333333333,3.33333333333,6.0,8.66666666667,99.0,8.66666666667,2.0,1.66666666667,0.666666666667,8.66666666667,57.0,99.6666666667,60.0,2.33333333333,8.66666666667,5.0,11.3333333333,87.3333333333,11.3333333333,0.333333333333,1.0,1.0,3.66666666667,7,7
36,60.0,57,Watford FC,53.0,Burnley FC,2016-09-26 19:00:00,6,3.0,0,5-3-2,2.0,2.66666666667,2.0,0.666666666667,2,0.333333333333,0.625,0.437943262411,0.484707446809,1.0,1.0,-0.666666666667,0.1,0.375,0.410543794105,0.355984768656,2.66666666667,0.90036900369,0.888888888889,44.6666666667,82.0,45.3333333333,3.66666666667,4.0,6.33333333333,10.6666666667,81.3333333333,10.6666666667,2.33333333333,1.0,1.66666666667,8.66666666667,54.6666666667,107.333333333,63.3333333333,3.66666666667,5.66666666667,5.0,12.0,90.3333333333,12.0,2.66666666667,0.333333333333,0.666666666667,6.33333333333,8,6
37,51.0,58,Manchester United,52.0,Leicester City,2016-09-24 11:30:00,6,3.0,1,4-2-3-1,1.0,1.0,1.66666666667,-0.666666666667,-2,0.1,0.375,0.576086956522,0.525815217391,2.0,2.66666666667,0.666666666667,0.333333333333,0.625,0.464918142332,0.515355273416,0.375,1.1106557377,1.125,54.6666666667,107.333333333,63.3333333333,3.66666666667,5.66666666667,5.0,12.0,90.3333333333,12.0,2.66666666667,0.333333333333,0.666666666667,6.33333333333,44.6666666667,82.0,45.3333333333,3.66666666667,4.0,6.33333333333,10.6666666667,81.3333333333,10.6666666667,2.33333333333,1.0,1.66666666667,8.66666666667,3,3
38,53.0,59,Crystal Palace,60.0,Sunderland AFC,2016-09-24 14:00:00,6,3.0,0,4-2-3-1,2.33333333333,2.33333333333,1.0,1.33333333333,4,0.571428571429,0.833333333333,0.295454545455,0.429924242424,0.0,0.333333333333,-2.66666666667,0.1,0.0,0.628253968254,0.512857142857,7.0,1.07450980392,1.24,55.0,85.6666666667,45.6666666667,2.33333333333,8.66666666667,6.0,10.3333333333,91.3333333333,10.3333333333,3.0,1.0,1.33333333333,7.0,46.3333333333,98.3333333333,39.0,1.66666666667,5.66666666667,2.66666666667,8.33333333333,85.0,8.33333333333,4.66666666667,0.0,0.333333333333,5.66666666667,7,7
39,53.0,60,Sunderland AFC,59.0,Crystal Palace,2016-09-24 14:00:00,6,3.0,1,4-3-3,0.333333333333,0.333333333333,1.66666666667,-1.33333333333,-4,0.0,0.166666666667,0.669191919192,0.543560606061,2.33333333333,2.0,1.66666666667,0.0454545454545,0.833333333333,0.3861003861,0.497908622909,0.166666666667,0.874100719424,0.318181818182,35.6666666667,73.3333333333,32.0,3.0,3.66666666667,2.33333333333,4.66666666667,81.0,4.66666666667,7.66666666667,0.0,0.333333333333,12.3333333333,56.3333333333,105.333333333,49.3333333333,2.0,9.0,8.0,14.6666666667,92.6666666667,14.6666666667,2.0,0.333333333333,1.66666666667,7.33333333333,1,1
40,44.0,61,1899 Hoffenheim,62.0,FC Schalke 04,2016-09-25 13:30:00,5,3.0,1,4-3-3,1.0,1.66666666667,1.66666666667,0.0,0,0.0,0.5,0.435606060606,0.451704545455,0.666666666667,0.333333333333,-1.33333333333,0.0,0.3125,0.681710681908,0.511283011431,5.0,1.05617977528,0.794871794872,58.6666666667,99.0,54.6666666667,2.0,4.66666666667,4.0,10.3333333333,94.0,10.3333333333,4.66666666667,0.333333333333,1.33333333333,9.66666666667,52.3333333333,102.0,51.0,1.66666666667,7.0,6.66666666667,13.0,89.0,13.0,5.33333333333,0.0,0.333333333333,8.33333333333,5,3
41,44.0,62,FC Schalke 04,61.0,1899 Hoffenheim,2016-09-25 13:30:00,5,3.0,0,4-2-3-1,0.0,0.333333333333,2.33333333333,-2.0,-6,0.0,0.0,0.577639751553,0.433229813665,2.0,1.33333333333,0.333333333333,0.333333333333,0.714285714286,0.613653699466,0.5852402746,0.25,1.21189591078,1.0,51.0,116.0,48.3333333333,1.66666666667,5.33333333333,4.33333333333,5.66666666667,108.666666667,5.66666666667,1.66666666667,0.333333333333,0.0,10.0,39.6666666667,94.0,35.0,0.666666666667,2.33333333333,3.33333333333,5.66666666667,89.6666666667,5.66666666667,3.66666666667,0.333333333333,1.0,7.0,1,0
42,38.0,63,Hertha BSC,69.0,Eintracht Frankfurt,2016-09-24 13:30:00,5,3.0,0,4-2-3-1,2.0,1.33333333333,1.0,0.333333333333,1,0.333333333333,0.714285714286,0.282945736434,0.390780730897,0.0,0.333333333333,-2.0,0.0,0.0,0.345238095238,0.4375,4.0,0.825153374233,1.0,39.6666666667,94.0,35.0,0.666666666667,2.33333333333,3.33333333333,5.66666666667,89.6666666667,5.66666666667,3.66666666667,0.333333333333,1.0,7.0,51.0,116.0,48.3333333333,1.66666666667,5.33333333333,4.33333333333,5.66666666667,108.666666667,5.66666666667,1.66666666667,0.333333333333,0.0,10.0,4,6
43,37.0,64,SC Freiburg,67.0,Borussia Dortmund,2016-09-23 18:30:00,5,3.0,0,4-1-3-2,2.0,1.33333333333,1.33333333333,0.0,0,0.0,0.666666666667,0.65404040404,0.657196969697,2.33333333333,2.0,1.66666666667,0.5,0.833333333333,0.589826839827,0.620941558442,0.666666666667,1.03112840467,0.857142857143,50.6666666667,100.333333333,45.6666666667,1.33333333333,5.33333333333,4.66666666667,8.0,88.3333333333,8.0,0.333333333333,0.0,1.33333333333,7.66666666667,40.6666666667,92.0,39.0,1.66666666667,4.0,6.0,9.33333333333,85.6666666667,9.33333333333,5.33333333333,1.33333333333,0.666666666667,8.33333333333,4,6
44,41.0,65,Hamburger SV,76.0,Bayern Munich,2016-09-24 13:30:00,5,3.0,1,4-2-3-1,0.0,0.333333333333,2.66666666667,-2.33333333333,-7,0.0,0.0,0.689701897019,0.517276422764,2.33333333333,2.0,1.66666666667,0.4,0.833333333333,0.428878153516,0.571658615137,0.166666666667,0.982078853047,0.615384615385,51.0,94.3333333333,42.0,2.0,3.0,1.33333333333,5.33333333333,91.3333333333,5.33333333333,2.0,0.0,0.333333333333,9.33333333333,46.3333333333,98.0,45.0,1.33333333333,4.33333333333,5.33333333333,8.66666666667,93.0,8.66666666667,0.666666666667,0.333333333333,1.66666666667,7.0,1,0
45,42.0,66,Monchengladbach,72.0,FC Ingolstadt,2016-09-24 13:30:00,5,3.0,1,3-4-3,1.33333333333,2.0,1.66666666667,0.333333333333,1,0.444444444444,0.5,0.209219858156,0.281914893617,0.0,1.0,-1.66666666667,0.2,0.0,0.632902878666,0.474677158999,2.0,1.13725490196,0.714285714286,54.6666666667,112.333333333,47.6666666667,1.33333333333,5.33333333333,3.0,5.0,96.6666666667,5.0,3.66666666667,1.66666666667,0.333333333333,4.0,45.3333333333,84.3333333333,43.0,2.33333333333,2.33333333333,4.0,7.0,85.0,7.0,3.33333333333,0.666666666667,0.333333333333,9.33333333333,6,4
46,37.0,67,Borussia Dortmund,64.0,SC Freiburg,2016-09-23 18:30:00,5,3.0,1,4-1-4-1,2.0,3.66666666667,0.666666666667,3.0,9,0.315789473684,0.714285714286,0.546511627907,0.588455149502,1.33333333333,0.666666666667,-1.66666666667,0.0,0.5,0.410782703886,0.474753694581,5.5,1.17021276596,1.84210526316,58.3333333333,110.0,56.0,0.666666666667,7.33333333333,7.66666666667,11.6666666667,91.6666666667,11.6666666667,3.0,1.0,2.66666666667,6.66666666667,34.3333333333,67.3333333333,31.3333333333,2.33333333333,1.66666666667,1.33333333333,6.33333333333,78.3333333333,6.33333333333,5.33333333333,0.0,0.666666666667,11.6666666667,11,6
47,39.0,68,FC Augsburg,77.0,SV Darmstadt 98,2016-09-24 13:30:00,5,3.0,1,4-2-3-1,1.33333333333,1.0,1.33333333333,-0.333333333333,-1,0.125,0.5,0.679738562092,0.634803921569,2.33333333333,3.0,1.0,0.3,0.852941176471,0.609972408356,0.582479306267,0.333333333333,1.06225680934,0.714285714286,45.0,94.0,37.6666666667,2.0,3.0,3.66666666667,8.33333333333,91.0,8.33333333333,3.33333333333,0.0,1.0,10.6666666667,47.3333333333,82.3333333333,50.6666666667,1.66666666667,9.66666666667,6.66666666667,11.6666666667,85.6666666667,11.6666666667,3.0,1.66666666667,1.33333333333,8.33333333333,3,4
48,38.0,69,Eintracht Frankfurt,63.0,Hertha BSC,2016-09-24 13:30:00,5,3.0,1,4-2-3-1,2.0,1.33333333333,0.666666666667,0.666666666667,2,0.153846153846,0.714285714286,0.47037037037,0.531349206349,1.33333333333,1.33333333333,0.333333333333,0.166666666667,0.5,0.496837944664,0.551199887069,1.0,1.0394265233,1.13333333333,53.3333333333,94.3333333333,41.0,2.0,3.0,6.33333333333,11.3333333333,96.6666666667,11.3333333333,2.0,0.333333333333,1.0,9.33333333333,59.0,106.666666667,57.6666666667,0.666666666667,4.33333333333,5.0,10.0,93.0,10.0,2.66666666667,0.0,1.33333333333,7.0,4,6
49,43.0,70,Werder Bremen,75.0,VfL Wolfsburg,2016-09-24 16:30:00,5,3.0,1,4-2-3-1,0.0,1.0,2.66666666667,-1.66666666667,-5,0.2,0.0,0.492248062016,0.369186046512,1.33333333333,2.0,0.333333333333,0.444444444444,0.5,0.632323232323,0.552367424242,0.5,0.879310344828,1.4,45.3333333333,84.3333333333,43.0,2.33333333333,2.33333333333,4.0,7.0,85.0,7.0,3.33333333333,0.666666666667,0.333333333333,9.33333333333,54.6666666667,112.333333333,47.6666666667,1.33333333333,5.33333333333,3.0,5.0,96.6666666667,5.0,3.66666666667,1.66666666667,0.333333333333,4.0,3,0
50,40.0,71,Bayer Leverkusen,73.0,1 FSV Mainz 05,2016-09-24 13:30:00,5,3.0,0,4-4-2,1.33333333333,1.33333333333,1.0,0.333333333333,1,0.166666666667,0.5,0.579365079365,0.559523809524,2.0,1.33333333333,0.666666666667,0.153846153846,0.714285714286,0.342911877395,0.470419202164,1.0,0.962068965517,0.882352941176,59.0,106.666666667,57.6666666667,0.666666666667,4.33333333333,5.0,10.0,93.0,10.0,2.66666666667,0.0,1.33333333333,7.0,53.3333333333,94.3333333333,41.0,2.0,3.0,6.33333333333,11.3333333333,96.6666666667,11.3333333333,2.0,0.333333333333,1.0,9.33333333333,4,4
51,42.0,72,FC Ingolstadt,66.0,Monchengladbach,2016-09-24 13:30:00,5,3.0,0,4-2-3-1,0.0,0.333333333333,2.33333333333,-2.0,-6,0.1,0.0,0.739130434783,0.554347826087,3.0,2.66666666667,2.33333333333,0.333333333333,1.0,0.500889566654,0.50066717499,0.125,0.608579088472,0.78125,48.3333333333,95.6666666667,49.3333333333,1.66666666667,5.66666666667,4.33333333333,8.33333333333,75.6666666667,8.33333333333,3.33333333333,0.333333333333,0.0,5.0,64.0,141.333333333,62.0,2.0,6.0,4.66666666667,10.6666666667,124.333333333,10.6666666667,3.0,0.666666666667,2.0,5.0,1,0
52,40.0,73,1 FSV Mainz 05,71.0,Bayer Leverkusen,2016-09-24 13:30:00,5,3.0,1,4-2-3-1,2.33333333333,3.0,2.0,1.0,3,0.3,0.852941176471,0.485507246377,0.5773657289,1.33333333333,1.0,-0.333333333333,0.125,0.5,0.368013468013,0.40101010101,3.0,0.941391941392,1.4,47.3333333333,82.3333333333,50.6666666667,1.66666666667,9.66666666667,6.66666666667,11.6666666667,85.6666666667,11.6666666667,3.0,1.66666666667,1.33333333333,8.33333333333,45.0,94.0,37.6666666667,2.0,3.0,3.66666666667,8.33333333333,91.0,8.33333333333,3.33333333333,0.0,1.0,10.6666666667,9,7
53,45.0,74,RB Leipzig,78.0,1 FC Cologne,2016-09-25 15:30:00,5,3.0,0,4-4-2,2.33333333333,2.0,0.333333333333,1.66666666667,5,0.4,0.833333333333,0.225,0.377083333333,0.0,0.333333333333,-2.33333333333,0.0,0.0,0.375757575758,0.490151515152,6.0,1.01824817518,1.625,46.3333333333,98.0,45.0,1.33333333333,4.33333333333,5.33333333333,8.66666666667,93.0,8.66666666667,0.666666666667,0.333333333333,1.66666666667,7.0,51.0,94.3333333333,42.0,2.0,3.0,1.33333333333,5.33333333333,91.3333333333,5.33333333333,2.0,0.0,0.333333333333,9.33333333333,6,7
54,43.0,75,VfL Wolfsburg,70.0,Werder Bremen,2016-09-24 16:30:00,5,3.0,0,4-2-3-1,0.666666666667,0.333333333333,1.66666666667,-1.33333333333,-4,0.0,0.3125,0.521739130435,0.469429347826,1.0,1.66666666667,0.0,0.0,0.5,0.555344478217,0.416508358663,0.2,0.946808510638,1.25806451613,52.3333333333,102.0,51.0,1.66666666667,7.0,6.66666666667,13.0,89.0,13.0,5.33333333333,0.0,0.333333333333,8.33333333333,58.6666666667,99.0,54.6666666667,2.0,4.66666666667,4.0,10.3333333333,94.0,10.3333333333,4.66666666667,0.333333333333,1.33333333333,9.66666666667,1,2
55,41.0,76,Bayern Munich,65.0,Hamburger SV,2016-09-24 13:30:00,5,3.0,0,4-3-3,3.0,2.66666666667,0.333333333333,2.33333333333,7,0.333333333333,1.0,0.269841269841,0.452380952381,0.0,0.333333333333,-2.0,0.1,0.0,0.616666666667,0.4625,8.0,1.64317180617,1.28,64.0,141.333333333,62.0,2.0,6.0,4.66666666667,10.6666666667,124.333333333,10.6666666667,3.0,0.666666666667,2.0,5.0,48.3333333333,95.6666666667,49.3333333333,1.66666666667,5.66666666667,4.33333333333,8.33333333333,75.6666666667,8.33333333333,3.33333333333,0.333333333333,0.0,5.0,8,9
56,39.0,77,SV Darmstadt 98,68.0,FC Augsburg,2016-09-24 13:30:00,5,3.0,0,5-4-1,1.33333333333,0.666666666667,2.33333333333,-1.66666666667,-5,0.0,0.5,0.658008658009,0.618506493506,2.0,3.66666666667,3.0,0.315789473684,0.714285714286,0.402231423971,0.426673567978,0.181818181818,0.854545454545,0.542857142857,34.3333333333,67.3333333333,31.3333333333,2.33333333333,1.66666666667,1.33333333333,6.33333333333,78.3333333333,6.33333333333,5.33333333333,0.0,0.666666666667,11.6666666667,58.3333333333,110.0,56.0,0.666666666667,7.33333333333,7.66666666667,11.6666666667,91.6666666667,11.6666666667,3.0,1.0,2.66666666667,6.66666666667,2,4
57,45.0,78,1 FC Cologne,74.0,RB Leipzig,2016-09-25 15:30:00,5,3.0,1,4-4-2,2.33333333333,2.0,0.333333333333,1.66666666667,5,0.5,0.833333333333,0.595238095238,0.654761904762,2.0,1.33333333333,0.0,0.0,0.666666666667,0.453827274122,0.548703788925,1.5,0.969811320755,1.16666666667,40.6666666667,92.0,39.0,1.66666666667,4.0,6.0,9.33333333333,85.6666666667,9.33333333333,5.33333333333,1.33333333333,0.666666666667,8.33333333333,50.6666666667,100.333333333,45.6666666667,1.33333333333,5.33333333333,4.66666666667,8.0,88.3333333333,8.0,0.333333333333,0.0,1.33333333333,7.66666666667,6,7
58,47.0,81,Granada CF,84.0,Athletic Bilbao,2016-09-21 20:00:00,5,3.0,1,4-2-3-1,0.333333333333,1.33333333333,3.0,-1.66666666667,-5,0.2,0.166666666667,0.513888888889,0.427083333333,1.66666666667,1.66666666667,0.333333333333,0.117647058824,0.6875,0.425376647834,0.475282485876,0.8,0.827956989247,0.717948717949,49.6666666667,75.3333333333,43.0,2.33333333333,4.33333333333,4.0,9.33333333333,77.0,9.33333333333,4.66666666667,1.0,0.333333333333,6.33333333333,56.6666666667,99.0,61.0,3.0,8.33333333333,6.66666666667,13.0,93.0,13.0,4.0,0.666666666667,1.0,10.0,4,1
59,48.0,82,Espanyol Barcelona,94.0,CA Osasuna,2016-09-22 18:00:00,5,3.0,0,4-4-2,0.666666666667,1.0,1.66666666667,-0.666666666667,-2,0.0,0.3125,0.739130434783,0.632472826087,3.0,3.0,2.0,0.222222222222,1.0,0.60101010101,0.492424242424,0.333333333333,1.04219409283,0.32,45.0,77.0,38.3333333333,3.0,2.66666666667,2.0,5.33333333333,82.3333333333,5.33333333333,2.66666666667,0.333333333333,0.666666666667,7.33333333333,53.3333333333,82.3333333333,51.6666666667,1.33333333333,6.0,8.33333333333,16.6666666667,79.0,16.6666666667,1.66666666667,1.33333333333,1.66666666667,8.0,3,2
60,50.0,83,CD Alaves,95.0,Valencia CF,2016-09-22 20:00:00,5,3.0,0,5-4-1,1.66666666667,0.666666666667,0.333333333333,0.333333333333,1,0.0,0.6875,0.430555555556,0.494791666667,0.666666666667,0.0,-0.333333333333,0.0,0.3125,0.609585907115,0.457189430336,2.0,0.88275862069,0.59375,45.6666666667,81.0,43.0,1.66666666667,2.66666666667,2.66666666667,6.33333333333,85.3333333333,6.33333333333,1.66666666667,0.333333333333,0.333333333333,11.3333333333,44.0,98.0,56.0,2.66666666667,4.66666666667,2.0,10.6666666667,96.6666666667,10.6666666667,2.66666666667,0.0,0.0,8.66666666667,2,5
61,47.0,84,Athletic Bilbao,81.0,Granada CF,2016-09-21 20:00:00,5,3.0,0,4-2-3-1,2.0,1.0,0.666666666667,0.333333333333,1,0.222222222222,0.625,0.237588652482,0.334441489362,0.0,1.0,-1.0,0.142857142857,0.0,0.566149870801,0.466279069767,1.0,0.983402489627,0.605263157895,48.6666666667,87.0,47.0,4.0,5.66666666667,4.0,7.66666666667,79.0,7.66666666667,2.0,1.0,0.0,8.33333333333,50.3333333333,84.3333333333,49.6666666667,2.66666666667,5.33333333333,5.33333333333,12.6666666667,80.3333333333,12.6666666667,3.33333333333,0.333333333333,0.666666666667,8.33333333333,3,6
62,42.0,85,Sevilla FC,91.0,Real Betis Balompie,2016-09-20 20:00:00,5,3.0,1,4-2-3-1,1.66666666667,1.0,0.666666666667,0.333333333333,1,0.142857142857,0.642857142857,0.644702842377,0.644241417497,2.33333333333,1.33333333333,0.666666666667,0.2,0.833333333333,0.330409356725,0.419682017544,0.75,1.11842105263,0.916666666667,52.6666666667,80.0,47.6666666667,2.0,4.33333333333,2.66666666667,7.33333333333,85.0,7.33333333333,3.0,0.333333333333,0.666666666667,5.66666666667,44.3333333333,77.3333333333,43.0,1.0,5.66666666667,4.66666666667,8.0,76.0,8.0,3.33333333333,0.333333333333,1.0,12.6666666667,3,5
63,49.0,86,Deportivo La Coruna,97.0,CD Leganes,2016-09-22 18:00:00,5,3.0,1,4-4-2,0.666666666667,0.0,0.333333333333,-0.333333333333,-1,0.0,0.3125,0.625,0.546875,1.66666666667,0.666666666667,0.333333333333,0.0,0.6875,0.621318373072,0.50765544647,0.0,1.1328125,1.68421052632,44.0,98.0,56.0,2.66666666667,4.66666666667,2.0,10.6666666667,96.6666666667,10.6666666667,2.66666666667,0.0,0.0,8.66666666667,45.6666666667,81.0,43.0,1.66666666667,2.66666666667,2.66666666667,6.33333333333,85.3333333333,6.33333333333,1.66666666667,0.333333333333,0.333333333333,11.3333333333,0,2
64,41.0,87,Malaga CF,99.0,SD Eibar,2016-09-20 18:00:00,5,3.0,1,4-2-3-1,0.333333333333,0.666666666667,1.66666666667,-1.0,-3,0.0,0.166666666667,0.550505050505,0.454545454545,2.0,2.33333333333,1.33333333333,0.1,0.666666666667,0.420984632123,0.524071807426,0.285714285714,0.857142857143,1.04,43.3333333333,89.0,56.6666666667,2.33333333333,5.0,3.0,8.66666666667,78.0,8.66666666667,1.66666666667,0.0,0.666666666667,8.33333333333,55.0,81.0,41.6666666667,4.33333333333,3.0,4.66666666667,8.33333333333,91.0,8.33333333333,2.66666666667,1.0,1.33333333333,11.0,2,1
65,44.0,88,Celta de Vigo,98.0,Sporting Gijon,2016-09-21 18:00:00,5,3.0,1,4-2-3-1,0.333333333333,0.333333333333,2.0,-1.66666666667,-5,0.0,0.166666666667,0.300505050505,0.267045454545,0.333333333333,0.666666666667,-1.66666666667,0.0,0.166666666667,0.498280520757,0.498710390567,0.5,1.2024291498,1.29411764706,53.0,106.666666667,45.3333333333,1.33333333333,4.33333333333,3.0,7.33333333333,99.0,7.33333333333,3.66666666667,0.0,0.333333333333,12.0,43.0,84.3333333333,43.6666666667,3.0,6.66666666667,2.0,5.66666666667,82.3333333333,5.66666666667,4.0,0.0,0.666666666667,8.0,1,1
66,45.0,89,Real Sociedad,96.0,Las Palmas UD,2016-09-21 20:00:00,5,3.0,1,4-2-3-1,1.33333333333,1.33333333333,1.0,0.333333333333,1,0.166666666667,0.566666666667,0.707070707071,0.67196969697,2.33333333333,1.33333333333,1.0,0.333333333333,0.833333333333,0.407523510972,0.472309299896,1.0,1.08745247148,0.708333333333,58.3333333333,115.666666667,62.3333333333,2.33333333333,5.66666666667,3.0,5.66666666667,95.3333333333,5.66666666667,1.33333333333,0.666666666667,0.666666666667,9.66666666667,48.3333333333,89.3333333333,41.6666666667,1.33333333333,5.0,4.66666666667,8.0,87.6666666667,8.0,1.0,1.33333333333,0.0,9.33333333333,4,4
67,43.0,90,Real Madrid,93.0,Villarreal CF,2016-09-21 18:00:00,5,3.0,1,4-1-4-1,3.0,3.0,1.0,2.0,6,0.222222222222,1.0,0.397727272727,0.548295454545,0.666666666667,1.0,-0.666666666667,0.0,0.3125,0.441919191919,0.539772727273,3.0,0.95951417004,3.125,53.3333333333,82.3333333333,51.6666666667,1.33333333333,6.0,8.33333333333,16.6666666667,79.0,16.6666666667,1.66666666667,1.33333333333,1.66666666667,8.0,45.0,77.0,38.3333333333,3.0,2.66666666667,2.0,5.33333333333,82.3333333333,5.33333333333,2.66666666667,0.333333333333,0.666666666667,7.33333333333,9,9
68,42.0,91,Real Betis Balompie,85.0,Sevilla FC,2016-09-20 20:00:00,5,3.0,0,4-3-3,1.66666666667,1.66666666667,1.33333333333,0.333333333333,1,0.117647058824,0.6875,0.355297157623,0.438347868217,0.333333333333,1.33333333333,-1.66666666667,0.2,0.166666666667,0.627257799672,0.631157635468,1.25,1.20779220779,1.39285714286,56.6666666667,99.0,61.0,3.0,8.33333333333,6.66666666667,13.0,93.0,13.0,4.0,0.666666666667,1.0,10.0,49.6666666667,75.3333333333,43.0,2.33333333333,4.33333333333,4.0,9.33333333333,77.0,9.33333333333,4.66666666667,1.0,0.333333333333,6.33333333333,5,5
69,46.0,92,FC Barcelona,100.0,Atletico Madrid,2016-09-21 20:00:00,5,3.0,1,3-4-3,2.0,2.33333333333,1.0,1.33333333333,4,0.555555555556,0.666666666667,0.335748792271,0.41847826087,0.333333333333,0.666666666667,-1.66666666667,0.0769230769231,0.166666666667,0.377219304826,0.491247811953,3.5,1.23166023166,1.52173913043,65.0,111.333333333,60.6666666667,2.33333333333,7.33333333333,4.33333333333,11.6666666667,106.333333333,11.6666666667,4.0,1.33333333333,1.0,5.66666666667,37.6666666667,89.0,36.0,3.0,2.66666666667,3.66666666667,7.66666666667,86.3333333333,7.66666666667,2.66666666667,0.0,0.666666666667,8.0,7,6
70,43.0,93,Villarreal CF,90.0,Real Madrid,2016-09-21 18:00:00,5,3.0,0,4-4-2,2.33333333333,1.33333333333,0.333333333333,1.0,3,0.333333333333,0.833333333333,0.52270531401,0.600362318841,1.33333333333,1.33333333333,0.333333333333,0.166666666667,0.566666666667,0.327987645522,0.495990734141,1.0,0.91958041958,1.41176470588,48.3333333333,89.3333333333,41.6666666667,1.33333333333,5.0,4.66666666667,8.0,87.6666666667,8.0,1.0,1.33333333333,0.0,9.33333333333,58.3333333333,115.666666667,62.3333333333,2.33333333333,5.66666666667,3.0,5.66666666667,95.3333333333,5.66666666667,1.33333333333,0.666666666667,0.666666666667,9.66666666667,4,7
71,48.0,94,CA Osasuna,82.0,Espanyol Barcelona,2016-09-22 18:00:00,5,3.0,1,5-3-2,0.333333333333,0.666666666667,2.33333333333,-1.66666666667,-5,0.0,0.166666666667,0.330808080808,0.289772727273,0.333333333333,0.333333333333,-1.66666666667,0.0,0.166666666667,0.447093889717,0.413445417288,2.0,0.83164983165,0.772727272727,43.0,84.3333333333,43.6666666667,3.0,6.66666666667,2.0,5.66666666667,82.3333333333,5.66666666667,4.0,0.0,0.666666666667,8.0,53.0,106.666666667,45.3333333333,1.33333333333,4.33333333333,3.0,7.33333333333,99.0,7.33333333333,3.66666666667,0.0,0.333333333333,12.0,2,1
72,50.0,95,Valencia CF,83.0,CD Alaves,2016-09-22 20:00:00,5,3.0,1,4-3-3,0.0,1.0,2.0,-1.0,-3,0.142857142857,0.0,0.534722222222,0.401041666667,2.0,1.0,0.333333333333,0.222222222222,0.625,0.521857923497,0.563268442623,1.0,1.01687763713,1.65217391304,50.3333333333,84.3333333333,49.6666666667,2.66666666667,5.33333333333,5.33333333333,12.6666666667,80.3333333333,12.6666666667,3.33333333333,0.333333333333,0.666666666667,8.33333333333,48.6666666667,87.0,47.0,4.0,5.66666666667,4.0,7.66666666667,79.0,7.66666666667,2.0,1.0,0.0,8.33333333333,3,0
73,45.0,96,Las Palmas UD,89.0,Real Sociedad,2016-09-21 20:00:00,5,3.0,0,4-2-3-1,2.0,2.33333333333,1.0,1.33333333333,4,0.1,0.666666666667,0.308785529716,0.398255813953,0.333333333333,0.666666666667,-1.0,0.0,0.166666666667,0.439572586588,0.471346106608,3.5,1.16666666667,0.961538461538,55.0,81.0,41.6666666667,4.33333333333,3.0,4.66666666667,8.33333333333,91.0,8.33333333333,2.66666666667,1.0,1.33333333333,11.0,43.3333333333,89.0,56.6666666667,2.33333333333,5.0,3.0,8.66666666667,78.0,8.66666666667,1.66666666667,0.0,0.666666666667,8.33333333333,7,6
74,49.0,97,CD Leganes,86.0,Deportivo La Coruna,2016-09-22 18:00:00,5,3.0,0,5-3-2,0.333333333333,0.666666666667,2.33333333333,-1.66666666667,-5,0.0769230769231,0.166666666667,0.611111111111,0.5,2.0,2.33333333333,1.33333333333,0.555555555556,0.666666666667,0.645009416196,0.561882062147,0.285714285714,0.811912225705,0.657142857143,37.6666666667,89.0,36.0,3.0,2.66666666667,3.66666666667,7.66666666667,86.3333333333,7.66666666667,2.66666666667,0.0,0.666666666667,8.0,65.0,111.333333333,60.6666666667,2.33333333333,7.33333333333,4.33333333333,11.6666666667,106.333333333,11.6666666667,4.0,1.33333333333,1.0,5.66666666667,2,1
75,44.0,98,Sporting Gijon,88.0,Celta de Vigo,2016-09-21 18:00:00,5,3.0,0,4-2-3-1,1.33333333333,0.666666666667,2.0,-1.33333333333,-4,0.0,0.5,0.644702842377,0.608527131783,2.33333333333,3.0,3.0,0.333333333333,0.833333333333,0.606060606061,0.496212121212,0.222222222222,0.902356902357,0.5,49.0,92.3333333333,32.0,1.0,4.33333333333,2.33333333333,6.33333333333,89.3333333333,6.33333333333,2.66666666667,0.666666666667,0.0,9.33333333333,57.0,104.0,53.6666666667,1.0,4.33333333333,6.33333333333,12.6666666667,99.0,12.6666666667,1.33333333333,1.0,2.0,5.0,2,4
76,41.0,99,SD Eibar,87.0,Malaga CF,2016-09-20 18:00:00,5,3.0,0,4-2-3-1,2.33333333333,1.33333333333,0.666666666667,0.666666666667,2,0.2,0.833333333333,0.690476190476,0.72619047619,1.66666666667,1.0,0.333333333333,0.142857142857,0.642857142857,0.527532745255,0.437316225608,1.33333333333,0.894117647059,1.09090909091,44.3333333333,77.3333333333,43.0,1.0,5.66666666667,4.66666666667,8.0,76.0,8.0,3.33333333333,0.333333333333,1.0,12.6666666667,52.6666666667,80.0,47.6666666667,2.0,4.33333333333,2.66666666667,7.33333333333,85.0,7.33333333333,3.0,0.333333333333,0.666666666667,5.66666666667,4,7
77,46.0,100,Atletico Madrid,92.0,FC Barcelona,2016-09-21 20:00:00,5,3.0,0,4-4-2,2.33333333333,3.0,0.0,3.0,9,0.333333333333,0.833333333333,0.521739130435,0.599637681159,1.33333333333,0.666666666667,-1.33333333333,0.0,0.5,0.567796610169,0.592514124294,4.5,1.10820895522,2.0,57.0,104.0,53.6666666667,1.0,4.33333333333,6.33333333333,12.6666666667,99.0,12.6666666667,1.33333333333,1.0,2.0,5.0,49.0,92.3333333333,32.0,1.0,4.33333333333,2.33333333333,6.33333333333,89.3333333333,6.33333333333,2.66666666667,0.666666666667,0.0,9.33333333333,9,7
78,70.0,101,Olympique Marseille,120.0,FC Nantes,2016-09-25 18:45:00,7,3.0,1,4-2-3-1,0.333333333333,1.33333333333,2.0,-0.666666666667,-2,0.4,0.192307692308,0.546070460705,0.457629768605,2.0,1.66666666667,0.0,0.25,0.666666666667,0.574625689519,0.509094267139,0.8,0.817629179331,1.33333333333,44.3333333333,92.6666666667,38.0,2.66666666667,4.0,3.66666666667,9.33333333333,89.6666666667,9.33333333333,3.0,0.666666666667,0.666666666667,8.0,52.3333333333,106.333333333,44.6666666667,1.33333333333,3.33333333333,4.0,7.0,109.666666667,7.0,3.66666666667,0.333333333333,1.33333333333,5.33333333333,4,1
79,63.0,102,FC Metz,107.0,Montpellier HSC,2016-09-24 18:00:00,7,3.0,0,4-5-1,1.33333333333,1.0,1.0,0.0,0,0.0,0.5,0.654589371981,0.615942028986,2.0,2.0,1.33333333333,0.230769230769,0.666666666667,0.544764423548,0.497859031947,0.5,1.11666666667,0.7,42.0,88.3333333333,36.0,3.33333333333,2.33333333333,3.66666666667,7.0,89.3333333333,7.0,4.33333333333,0.666666666667,0.333333333333,12.0,55.3333333333,89.6666666667,56.0,0.333333333333,4.0,5.66666666667,10.0,80.0,10.0,4.0,0.666666666667,1.33333333333,5.0,3,4
80,68.0,103,Lille OSC,108.0,AS Saint Etienne,2016-09-25 13:00:00,7,3.0,0,4-3-3,0.0,0.666666666667,2.33333333333,-1.66666666667,-5,0.0769230769231,0.0,0.579365079365,0.434523809524,2.0,1.66666666667,0.333333333333,0.285714285714,0.714285714286,0.526515151515,0.555600649351,0.4,1.07723577236,0.95652173913,56.6666666667,107.666666667,54.0,2.33333333333,5.0,2.66666666667,7.33333333333,88.3333333333,7.33333333333,1.66666666667,0.333333333333,0.333333333333,5.66666666667,50.0,85.3333333333,37.0,4.33333333333,4.0,3.33333333333,7.66666666667,82.0,7.66666666667,3.0,0.333333333333,1.33333333333,6.66666666667,2,0
81,69.0,104,OGC Nice,116.0,AS Nancy,2016-09-25 15:00:00,7,3.0,0,3-5-2,2.33333333333,2.66666666667,1.0,1.66666666667,5,0.571428571429,0.807692307692,0.626596980256,0.671870812115,2.0,2.33333333333,0.666666666667,0.0,0.714285714286,0.414639579435,0.482854684576,1.14285714286,1.14117647059,0.758620689655,55.6666666667,85.6666666667,37.6666666667,1.33333333333,3.33333333333,5.33333333333,7.33333333333,97.0,7.33333333333,5.0,1.0,1.66666666667,7.0,49.0,98.3333333333,47.3333333333,1.0,3.33333333333,7.0,9.66666666667,85.0,9.66666666667,2.0,1.0,1.33333333333,5.0,8,7
82,66.0,105,SM Caen,115.0,FC Girondins Bordeaux,2016-09-24 18:00:00,7,3.0,0,4-1-4-1,0.0,0.333333333333,3.33333333333,-3.0,-9,0.2,0.0,0.774074074074,0.580555555556,3.0,2.0,1.33333333333,0.285714285714,1.0,0.560739293275,0.587221136623,0.166666666667,1.1198156682,1.0,42.3333333333,94.3333333333,42.3333333333,1.0,5.33333333333,2.66666666667,7.33333333333,81.0,7.33333333333,2.0,0.0,0.333333333333,5.66666666667,47.6666666667,74.6666666667,38.0,2.0,4.0,6.0,7.33333333333,72.3333333333,7.33333333333,1.66666666667,1.0,1.0,6.33333333333,1,0
83,65.0,106,SCO Angers,117.0,AS Monaco,2016-09-24 18:00:00,7,3.0,0,4-3-3,3.0,2.0,0.666666666667,1.33333333333,4,0.285714285714,1.0,0.280487804878,0.460365853659,0.0,0.333333333333,-3.0,0.2,0.0,0.475609756098,0.535278745645,6.0,0.893004115226,1.0,47.6666666667,74.6666666667,38.0,2.0,4.0,6.0,7.33333333333,72.3333333333,7.33333333333,1.66666666667,1.0,1.0,6.33333333333,42.3333333333,94.3333333333,42.3333333333,1.0,5.33333333333,2.66666666667,7.33333333333,81.0,7.33333333333,2.0,0.0,0.333333333333,5.66666666667,6,9
84,63.0,107,Montpellier HSC,102.0,FC Metz,2016-09-24 18:00:00,7,3.0,1,4-2-3-1,0.666666666667,1.0,2.33333333333,-1.33333333333,-4,0.142857142857,0.357142857143,0.433333333333,0.414285714286,1.33333333333,2.0,0.666666666667,0.384615384615,0.433333333333,0.458766287317,0.469074715487,0.5,0.996441281139,0.65625,44.3333333333,96.0,52.6666666667,1.0,3.33333333333,3.33333333333,7.0,93.3333333333,7.0,3.0,0.666666666667,0.333333333333,6.66666666667,52.6666666667,98.3333333333,47.6666666667,1.33333333333,5.33333333333,4.66666666667,10.6666666667,93.6666666667,10.6666666667,2.33333333333,1.0,1.0,7.33333333333,3,2
85,68.0,108,AS Saint Etienne,103.0,Lille OSC,2016-09-25 13:00:00,7,3.0,1,4-3-3,1.66666666667,0.666666666667,0.333333333333,0.333333333333,1,0.0,0.642857142857,0.410460992908,0.468560030395,0.666666666667,0.333333333333,-1.0,0.0,0.3125,0.528239202658,0.396179401993,2.0,0.9723183391,0.5625,47.6666666667,84.0,36.6666666667,2.0,2.33333333333,2.0,6.0,93.6666666667,6.0,4.0,0.0,0.666666666667,7.0,56.0,112.0,64.0,2.5,5.33333333333,5.0,10.6666666667,96.3333333333,10.6666666667,0.666666666667,0.0,0.333333333333,9.0,2,5
86,62.0,109,FC Lorient,110.0,Olympique Lyon,2016-09-24 15:00:00,7,3.0,1,4-3-3,1.0,0.333333333333,1.0,-0.666666666667,-2,0.0,0.285714285714,0.484126984127,0.434523809524,1.33333333333,1.0,0.0,0.111111111111,0.5,0.518300653595,0.497058823529,0.333333333333,1.14736842105,0.653846153846,50.0,121.0,57.0,1.66666666667,6.33333333333,3.0,5.66666666667,109.0,5.66666666667,1.66666666667,0.0,0.333333333333,7.66666666667,46.6666666667,82.3333333333,46.0,1.66666666667,3.66666666667,4.0,8.66666666667,95.0,8.66666666667,1.66666666667,0.333333333333,0.666666666667,8.0,1,3
87,62.0,110,Olympique Lyon,109.0,FC Lorient,2016-09-24 15:00:00,7,3.0,0,3-5-2,1.33333333333,2.0,1.33333333333,0.666666666667,2,0.384615384615,0.433333333333,0.429152148664,0.430197444832,0.666666666667,1.0,-1.33333333333,0.142857142857,0.357142857143,0.397813476127,0.369788678524,2.0,1.00357142857,1.52380952381,52.6666666667,98.3333333333,47.6666666667,1.33333333333,5.33333333333,4.66666666667,10.6666666667,93.6666666667,10.6666666667,2.33333333333,1.0,1.0,7.33333333333,44.3333333333,96.0,52.6666666667,1.0,3.33333333333,3.33333333333,7.0,93.3333333333,7.0,3.0,0.666666666667,0.333333333333,6.66666666667,6,4
88,67.0,111,Dijon FCO,119.0,Stade Rennes,2016-09-24 18:00:00,7,3.0,1,4-5-1,0.333333333333,0.333333333333,2.0,-1.66666666667,-5,0.0,0.192307692308,0.649051490515,0.534865540963,2.33333333333,3.33333333333,3.0,0.5,0.833333333333,0.422764227642,0.483739837398,0.1,0.853820598007,0.645161290323,52.6666666667,87.6666666667,46.3333333333,2.33333333333,4.33333333333,4.0,6.66666666667,85.6666666667,6.66666666667,3.0,0.333333333333,0.0,6.33333333333,60.6666666667,106.333333333,49.0,1.33333333333,4.0,6.0,10.3333333333,100.333333333,10.3333333333,2.33333333333,2.0,1.33333333333,7.0,1,1
89,64.0,112,EA Guingamp,113.0,SC Bastia,2016-09-24 18:00:00,7,3.0,0,4-4-2,1.33333333333,1.0,1.0,0.0,0,0.111111111111,0.5,0.320105820106,0.365079365079,1.0,0.333333333333,-0.666666666667,0.0,0.285714285714,0.557541709227,0.54315628192,3.0,0.871559633028,1.52941176471,46.6666666667,82.3333333333,46.0,1.66666666667,3.66666666667,4.0,8.66666666667,95.0,8.66666666667,1.66666666667,0.333333333333,0.666666666667,8.0,50.0,121.0,57.0,1.66666666667,6.33333333333,3.0,5.66666666667,109.0,5.66666666667,1.66666666667,0.0,0.333333333333,7.66666666667,3,4
90,64.0,113,SC Bastia,112.0,EA Guingamp,2016-09-24 18:00:00,7,3.0,1,4-5-1,1.33333333333,0.666666666667,0.666666666667,0.0,0,0.0,0.5,0.578488372093,0.55886627907,1.66666666667,1.0,0.666666666667,0.0,0.6875,0.438291421437,0.453718566078,0.666666666667,0.960526315789,1.25,46.3333333333,100.333333333,38.0,4.0,4.66666666667,3.66666666667,6.66666666667,97.3333333333,6.66666666667,2.66666666667,0.333333333333,0.333333333333,7.66666666667,47.6666666667,99.3333333333,35.0,5.0,2.66666666667,2.33333333333,5.33333333333,101.333333333,5.33333333333,4.0,0.333333333333,0.666666666667,10.6666666667,2,4
91,61.0,114,Toulouse FC,118.0,Paris St Germain,2016-09-23 18:45:00,7,3.0,1,4-4-1-1,2.0,1.66666666667,1.33333333333,0.333333333333,1,0.285714285714,0.714285714286,0.190476190476,0.321428571429,0.0,0.666666666667,-1.66666666667,0.0769230769231,0.0,0.392418226508,0.502647003214,2.5,0.928301886792,1.04545454545,50.0,85.3333333333,37.0,4.33333333333,4.0,3.33333333333,7.66666666667,82.0,7.66666666667,3.0,0.333333333333,1.33333333333,6.66666666667,56.6666666667,107.666666667,54.0,2.33333333333,5.0,2.66666666667,7.33333333333,88.3333333333,7.33333333333,1.66666666667,0.333333333333,0.333333333333,5.66666666667,5,6
92,66.0,115,FC Girondins Bordeaux,105.0,SM Caen,2016-09-24 18:00:00,7,3.0,1,4-4-2,2.0,2.0,0.666666666667,1.33333333333,4,0.230769230769,0.666666666667,0.471631205674,0.520390070922,1.33333333333,1.0,0.0,0.0,0.5,0.699529826624,0.524647369968,2.0,0.89552238806,1.42857142857,55.3333333333,89.6666666667,56.0,0.333333333333,4.0,5.66666666667,10.0,80.0,10.0,4.0,0.666666666667,1.33333333333,5.0,42.0,88.3333333333,36.0,3.33333333333,2.33333333333,3.66666666667,7.0,89.3333333333,7.0,4.33333333333,0.666666666667,0.333333333333,12.0,6,6
93,69.0,116,AS Nancy,104.0,OGC Nice,2016-09-25 15:00:00,7,3.0,1,4-3-3,1.66666666667,1.0,0.333333333333,0.666666666667,2,0.0,0.6875,0.560606060606,0.592329545455,1.33333333333,0.666666666667,0.0,0.0,0.5,0.463414634146,0.549484052533,1.5,1.04109589041,0.8,47.6666666667,99.3333333333,35.0,5.0,2.66666666667,2.33333333333,5.33333333333,101.333333333,5.33333333333,4.0,0.333333333333,0.666666666667,10.6666666667,46.3333333333,100.333333333,38.0,4.0,4.66666666667,3.66666666667,6.66666666667,97.3333333333,6.66666666667,2.66666666667,0.333333333333,0.333333333333,7.66666666667,3,5
94,65.0,117,AS Monaco,106.0,SCO Angers,2016-09-24 18:00:00,7,3.0,1,4-2-3-1,2.0,2.33333333333,1.66666666667,0.666666666667,2,0.0,0.714285714286,0.680737961226,0.689124899491,2.33333333333,2.66666666667,1.66666666667,0.571428571429,0.807692307692,0.422131887986,0.566598915989,0.875,0.876288659794,1.31818181818,49.0,98.3333333333,47.3333333333,1.0,3.33333333333,7.0,9.66666666667,85.0,9.66666666667,2.0,1.0,1.33333333333,5.0,55.6666666667,85.6666666667,37.6666666667,1.33333333333,3.33333333333,5.33333333333,7.33333333333,97.0,7.33333333333,5.0,1.0,1.66666666667,7.0,7,6
95,61.0,118,Paris St Germain,114.0,Toulouse FC,2016-09-23 18:45:00,7,3.0,0,4-3-3,2.33333333333,3.33333333333,0.333333333333,3.0,9,0.5,0.833333333333,0.381828316611,0.494704570792,0.333333333333,0.333333333333,-1.66666666667,0.0,0.192307692308,0.384780578898,0.467156862745,10.0,1.17120622568,1.55,60.6666666667,106.333333333,49.0,1.33333333333,4.0,6.0,10.3333333333,100.333333333,10.3333333333,2.33333333333,2.0,1.33333333333,7.0,52.6666666667,87.6666666667,46.3333333333,2.33333333333,4.33333333333,4.0,6.66666666667,85.6666666667,6.66666666667,3.0,0.333333333333,0.0,6.33333333333,10,7
96,67.0,119,Stade Rennes,111.0,Dijon FCO,2016-09-24 18:00:00,7,3.0,0,4-3-3,2.0,1.66666666667,1.66666666667,0.0,0,0.25,0.666666666667,0.336538461538,0.419070512821,0.333333333333,1.33333333333,-0.666666666667,0.4,0.192307692308,0.632246376812,0.522261705686,1.25,1.22304832714,0.75,52.3333333333,106.333333333,44.6666666667,1.33333333333,3.33333333333,4.0,7.0,109.666666667,7.0,3.66666666667,0.333333333333,1.33333333333,5.33333333333,44.3333333333,92.6666666667,38.0,2.66666666667,4.0,3.66666666667,9.33333333333,89.6666666667,9.33333333333,3.0,0.666666666667,0.666666666667,8.0,5,6
97,70.0,120,FC Nantes,101.0,Olympique Marseille,2016-09-25 18:45:00,7,3.0,0,4-4-2,0.666666666667,0.333333333333,1.33333333333,-1.0,-3,0.0,0.3125,0.61038961039,0.535917207792,1.66666666667,0.666666666667,0.333333333333,0.0,0.642857142857,0.579218106996,0.482490503324,0.5,1.02846975089,1.77777777778,56.0,112.0,64.0,2.5,5.33333333333,5.0,10.6666666667,96.3333333333,10.6666666667,0.666666666667,0.0,0.333333333333,9.0,47.6666666667,84.0,36.6666666667,2.0,2.33333333333,2.0,6.0,93.6666666667,6.0,4.0,0.0,0.666666666667,7.0,1,2
